Date,HDFCBANK,ICICIBANK,SBIN,KOTAKBANK,AXISBANK,TCS,INFY,WIPRO,HCLTECH,TECHM,SUNPHARMA,DRREDDY,CIPLA,DIVISLAB,APOLLOHOSP,NIFTY50
02-01-2023,783.6779175,880.6473389,578.9995117,363.8908691,939.1120605,2932.794189,1397.701904,183.3789215,918.427002,920.3868408,962.1013184,830.2246704,1042.268433,3310.154785,4411.582031,18197.44922
03-01-2023,788.8023071,879.5739136,579.1886597,365.4460754,959.7574463,2977.665527,1396.372314,185.2451324,920.1057739,933.4244995,973.77771,830.871521,1047.085938,3330.128174,4447.78125,18232.55078
04-01-2023,774.7041626,877.3782959,572.3791504,363.0334778,954.9202881,2980.632813,1370.921997,181.815979,915.9086914,930.2335815,968.9527588,833.8414917,1038.327026,3371.889648,4390.733887,18042.94922
05-01-2023,769.7240601,857.9102783,572.2844849,362.9437866,947.0410767,2977.441162,1352.946289,180.5096283,922.5356445,922.3471069,980.6293335,842.4671021,1059.202393,3397.702393,4386.524414,17992.15039
06-01-2023,767.1738892,849.0788574,568.0759277,356.2643127,937.416687,2887.922852,1328.459106,178.2235107,912.5512695,899.0981445,973.3917847,837.4191895,1047.523804,3371.251465,4345.324707,17859.44922
09-01-2023,768.6655273,852.2503052,574.7435913,361.2689209,956.2168579,2985.398926,1361.429688,182.7957306,943.1668701,925.6292725,981.2564697,849.6224365,1058.326538,3395.395752,4365.380371,18101.19922
10-01-2023,754.6154175,840.5402832,562.8742065,358.0089417,949.6342773,2955.229492,1347.94812,183.3789215,939.986084,914.1415405,976.4314575,840.7420044,1049.810791,3436.960938,4423.763672,17914.15039
11-01-2023,765.4898071,845.3706665,564.3401489,359.2650757,947.2406006,2993.26709,1349.32373,183.7521667,931.9898682,917.5149536,992.0162354,835.4882202,1019.543762,3348.23584,4318.731934,17895.69922
12-01-2023,769.5797729,839.8572388,562.6377563,354.8087769,933.078125,2998.3479,1357.898804,184.0554352,946.8781128,913.1386108,996.6965332,845.0352173,1032.731079,3244.053223,4317.890137,17858.19922
13-01-2023,770.1812134,852.3480225,567.5557251,354.9683228,931.6818237,3034.496338,1379.038696,183.7755127,952.3121338,914.5974731,995.4901123,846.9563599,1039.154175,3289.593262,4293.922363,17956.59961
16-01-2023,762.7953491,844.3461304,570.2984619,355.8655396,910.7373047,3066.225342,1399.077881,185.9683075,966.3607178,943.1343994,999.2053223,848.0639648,1031.222412,3271.435791,4253.415039,17894.84961
17-01-2023,774.1508179,844.2485352,560.7935181,358.4276733,915.2752686,3107.012695,1411.917603,184.9185638,981.6906128,953.7105103,996.5516968,853.1020508,1040.468018,3285.372803,4281.344727,18053.30078
18-01-2023,787.815979,848.4933472,559.3748169,358.7167969,921.5585938,3117.681152,1417.328735,188.1144562,985.3131104,955.807373,1003.692627,855.5721436,1034.920532,3325.711182,4298.131836,18165.34961
19-01-2023,791.0878906,845.2243652,557.8615723,352.3762817,926.2462769,3102.138428,1411.36731,188.2077789,990.8858032,960.3204956,1004.127075,849.2695923,1036.331787,3319.331543,4276.689941,18107.84961
20-01-2023,799.1955566,849.3228149,560.0842285,351.4989624,928.0913696,3092.942139,1399.123779,188.0911255,987.6758423,954.1207275,994.2839355,852.8766479,1025.237061,3281.20166,4244.10498,18027.65039
23-01-2023,805.041748,850.6402588,567.8867798,355.656189,930.2357178,3140.580811,1419.713379,189.8873596,999.6229248,971.2612305,1012.570557,850.3772583,1034.093384,3322.963135,4293.82373,18118.55078
24-01-2023,815.8198853,849.7131958,562.1174927,350.9705811,907.795166,3160.261719,1423.289917,190.167984,1014.467468,976.0933838,1004.271545,833.694458,1033.704224,3293.862549,4263.666016,18118.30078
25-01-2023,793.2772217,834.6364136,537.8585815,348.8869934,889.9922485,3154.238037,1415.127563,187.806076,1001.004883,958.3602295,1003.64447,823.5397949,1007.524597,3273.889404,4183.790527,17891.94922
27-01-2023,777.4708862,797.4569092,510.6677246,341.569519,871.4414063,3137.040039,1393.254272,186.1691132,994.630249,939.168396,1006.877136,845.7017212,1019.203125,3324.680908,4203.399902,17604.34961
30-01-2023,776.677002,803.6047363,509.0126648,344.1914673,869.5463867,3157.824463,1411.275757,188.1334686,1011.70343,944.6387329,1014.886658,848.6030273,1006.697388,3304.020508,4197.012207,17648.94922
31-01-2023,771.5524292,811.8018188,523.4829102,345.1385803,869.2970581,3088.895264,1406.644165,186.5432892,1000.514587,925.4013062,998.2885742,847.6915283,990.6878662,3253.86792,4215.037598,17662.15039
01-02-2023,783.1245728,827.4640503,498.7510071,347.8701172,854.9849854,3134.557129,1422.556274,188.2036285,1009.341125,933.3789063,979.3747559,853.0531006,1004.410278,3294.647949,4221.72168,17616.30078
02-02-2023,771.4802856,837.173645,499.4603271,351.2696838,866.1554565,3182.425781,1452.500488,191.500946,1024.943237,926.9057617,972.3303223,856.6994019,997.8410645,3206.462646,4190.871582,17610.40039
03-02-2023,798.1610718,842.9310913,514.6873169,354.9683228,880.2680054,3202.566406,1466.853516,190.7759857,1021.867493,922.0279541,992.1610107,854.3959351,994.9213867,2830.90332,4210.778809,17854.05078
06-02-2023,794.7688599,833.0751343,515.8222046,348.3287048,880.3179321,3182.011475,1439.752441,189.2559509,1021.466064,916.6031494,987.5289917,852.6707764,1002.22052,2726.523682,4279.214844,17764.59961
07-02-2023,795.9476318,832.1481323,517.4299316,353.9913025,876.7772217,3193.599854,1432.9198,187.3149872,1005.908508,913.9591675,971.1723633,870.451355,1003.68042,2699.876953,4274.164063,17721.5
08-02-2023,795.8514404,838.3446045,519.9362793,352.017395,869.4467163,3237.329834,1458.69104,190.2381439,1020.84198,921.7999878,984.8809204,879.7728271,1011.271423,2747.184082,4349.087891,17871.69922
09-02-2023,794.1914673,840.0036011,520.9293213,353.0940857,865.4074097,3256.41333,1482.994995,190.9630737,1022.045715,926.3131104,978.8530884,879.7140503,994.1428223,2770.837158,4347.155762,17893.44922
10-02-2023,797.3430786,833.2214355,523.057312,353.3233643,864.9586182,3253.378174,1475.245239,189.7938232,994.6747437,927.5439453,978.6585083,882.0861206,1005.529419,2759.157715,4373.847656,17856.5
13-02-2023,797.944519,830.0988159,508.3506165,353.6723022,856.8301392,3202.658203,1437.551392,187.3617706,992.3120117,914.0047607,987.0684204,887.0065918,994.5807495,2721.812744,4316.800293,17770.90039
14-02-2023,805.3304443,844.3948364,511.5189209,352.984436,868.4493408,3218.936523,1461.213379,189.4664307,1003.411926,922.711792,978.8043823,889.6922607,1000.809326,2739.920654,4227.863281,17929.84961
15-02-2023,803.694519,849.7619629,512.8430176,356.0050964,866.0057983,3237.835938,1464.698364,190.5421448,1010.054199,976.8226929,967.7694092,886.0557861,1003.193787,2770.248535,4444.80957,18015.84961
16-02-2023,800.7835083,848.4446411,510.8095703,356.4936218,862.46521,3272.231445,1469.054688,191.7114105,1005.819092,1030.477661,967.5264282,885.947998,1007.767822,2823.296631,4598.568359,18035.84961
17-02-2023,796.7657471,841.8088989,502.2031555,350.7711792,852.6412354,3219.901855,1452.546387,190.0276489,989.236084,1029.520386,957.1719971,884.1934814,998.2789307,2777.364014,4570.39209,17944.19922
20-02-2023,789.2835083,831.5137329,496.6704102,346.3946533,844.5126953,3207.164795,1460.479492,190.3784485,994.7192993,1043.196167,957.0748291,877.2244263,938.1827393,2846.852051,4566.33252,17844.59961
21-02-2023,792.2427368,833.5631104,495.0626221,344.9790344,841.8198853,3173.781006,1448.602661,188.3673248,985.357666,1034.307007,944.630127,879.4494019,940.0805054,2864.518555,4458.824219,17826.69922
22-02-2023,776.7009277,818.9741821,488.3475952,339.0671997,831.1481323,3128.302979,1432.369507,184.8127747,974.1241455,1026.329346,941.6646729,877.5968628,936.7715454,2866.432373,4406.382324,17554.30078
23-02-2023,771.4321899,819.4620972,492.7454224,340.3831482,842.1190796,3139.569336,1422.189331,184.2515411,975.6843872,1029.155762,945.5050659,872.2842407,934.5817871,2819.959717,4405.342285,17511.25
24-02-2023,764.5514526,819.4133911,492.7926941,338.4191895,849.1505127,3127.291748,1422.143555,183.947525,976.1299438,1020.220764,943.5606689,880.4197388,936.041626,2861.181396,4433.706055,17465.80078
27-02-2023,766.4520874,835.7098389,499.0820923,344.1316528,852.0926514,3064.202637,1384.220337,182.5678101,966.4119873,1015.616577,938.2619019,866.6776123,924.7523193,2805.532227,4403.061523,17392.69922
28-02-2023,769.6759644,834.1973267,494.4478455,344.7896118,841.869751,3046.729004,1364.272705,181.0243988,960.7506104,1003.125916,930.0464478,846.2114258,882.1253662,2773.241943,4365.276367,17303.94922
01-03-2023,768.9301758,835.6123047,507.5940247,347.9100342,862.8641357,3113.726563,1372.068604,182.8484344,981.7025757,1027.423462,932.6715088,851.6220093,875.5074463,2792.576904,4377.325684,17450.90039
02-03-2023,762.3862305,833.3678589,504.8040161,343.2842407,843.2161865,3054.637451,1350.14917,181.4920959,986.0263672,1011.832886,938.5050049,860.7181396,862.7095947,2808.132813,4365.821777,17321.90039
03-03-2023,777.519043,847.5663452,530.7653809,349.1262817,850.3972168,3073.675049,1356.706543,182.6145782,997.661499,989.3588867,940.0606689,870.0004883,855.1185303,2797.582275,4371.870605,17594.34961
06-03-2023,783.0043335,846.7856445,531.2382202,349.1262817,857.2290649,3100.989014,1382.523804,184.1580048,1004.526367,993.826416,938.4564209,870.2455444,857.3082886,2794.048828,4384.56543,17711.44922
08-03-2023,784.5681152,851.0305786,534.170105,346.9729004,858.6752319,3118.048584,1368.995972,183.6201477,999.1325073,983.1137085,930.9215088,867.7068481,853.7559814,2781.977051,4339.887695,17754.40039
09-03-2023,784.6402588,835.270752,528.5900879,342.287323,865.5071411,3068.800537,1357.715332,182.4508972,995.5662842,966.4290771,926.2546997,858.826355,858.135498,2758.127197,4381.639648,17589.59961
10-03-2023,764.4071045,822.2921753,517.6663818,338.8179626,849.6491089,3063.42041,1349.598877,181.9831696,995.2542725,967.5686646,929.0256348,861.6884766,857.6002197,2735.847656,4281.574219,17412.90039
13-03-2023,754.7357178,808.3864136,501.2573547,333.75354,830.1507568,3018.311035,1316.169556,180.2760773,979.4734497,1033.714355,927.6159058,856.7581787,851.371582,2715.727539,4309.094727,17154.30078
14-03-2023,752.7148438,810.2892456,496.9068298,328.6392517,830.6494751,2956.692383,1302.320801,177.4698486,966.5013428,1016.847473,930.6298828,852.6707764,848.6952515,2705.961914,4264.069336,17043.30078
15-03-2023,741.9125366,805.9467773,489.4825134,332.1684265,821.8727417,2941.931885,1301.999878,175.7393494,962.5783691,1016.026733,924.9908447,861.4827271,854.4373169,2724.364502,4293.027832,16972.15039
16-03-2023,746.7242432,803.9951172,496.0556335,331.6899109,828.3555298,2929.148926,1287.738647,174.3830261,956.114502,1019.081177,940.5467529,859.3752441,859.789978,2749.686768,4283.358398,16985.59961
17-03-2023,756.7084961,816.0466919,501.0681763,337.5817871,835.1875,2923.906738,1302.962891,176.0901184,988.2553711,1027.651489,931.1159058,869.647583,850.6417236,2739.773682,4310.582031,17100.05078
20-03-2023,751.4637451,816.2418823,491.0430908,338.8877258,835.3370361,2890.798584,1287.325806,171.7171021,972.5639648,1011.103516,934.5188599,870.2945557,843.4885864,2748.312256,4277.358887,16988.40039
21-03-2023,759.9803467,831.8065186,493.5493164,340.3233643,853.3393555,2856.586914,1275.448975,171.366333,966.3676147,998.9320068,929.6575928,866.354126,839.2550049,2716.610596,4238.681641,17107.5
22-03-2023,758.2241821,839.4180908,493.2655945,339.9844055,847.4050903,2879.302734,1274.119141,171.366333,964.1832275,1002.533325,945.067627,877.2537842,840.2769775,2738.939209,4249.689941,17151.90039
23-03-2023,752.1373901,834.7828369,484.9428711,334.9100037,846.557312,2873.646484,1260.637329,169.074585,950.319458,1002.396545,950.512207,871.7647705,845.8242188,2751.158936,4237.73877,17076.90039
24-03-2023,750.9344482,831.8065186,477.9441833,337.3923645,837.6809082,2869.830322,1266.231934,169.1915283,937.7038574,1004.675781,945.8452759,875.1365967,853.7559814,2754.986572,4247.953125,16945.05078
27-03-2023,754.2064209,828.1958618,482.4838562,339.9943237,831.1481323,2871.485596,1273.843872,168.9576416,937.480835,1005.63324,956.1512451,879.3513794,865.4832764,2776.774902,4282.416504,16985.69922
28-03-2023,760.3413086,834.0997314,480.5450134,338.7381897,830.2505493,2865.599121,1263.434692,166.5957794,928.2086182,975.8198242,956.8804321,887.4182739,865.6779785,2754.446533,4297.789063,16951.69922
29-03-2023,763.9981689,830.4403687,488.4894714,343.1546326,840.3737183,2886.751709,1268.891602,167.9287109,951.7459717,985.6665649,964.3666382,895.4558105,863.9261475,2767.990967,4326.945801,17080.69922
31-03-2023,774.463562,856.0560913,495.3463135,345.5074158,856.2316895,2948.370117,1309.612061,170.828476,967.571167,1004.584778,955.8109131,906.2280273,876.3833618,2771.033447,4275.276367,17359.75
03-04-2023,774.9447632,862.447876,498.1836243,348.069519,862.3155518,2942.943604,1293.929321,172.0912628,979.0724487,1005.815552,951.873291,912.8442383,867.5756836,2821.431885,4199.358887,17398.05078
05-04-2023,795.7311401,863.2285767,494.6369629,349.3057251,858.2264404,2979.546387,1305.576782,172.9331512,990.7072144,1006.08905,969.4708862,918,871.7605591,2836.252197,4166.234375,17557.05078
06-04-2023,801.7938843,853.8605347,499.0348206,350.3425598,849.6990356,2961.981201,1304.063477,171.4832611,973.4553833,996.288147,984.0058594,921.2541504,869.4248047,2867.315674,4167.227051,17599.15039
10-04-2023,797.9926758,847.46875,497.7579651,350.7811584,845.111145,3001.250732,1309.291016,174.5934753,983.4856567,1009.507996,980.6029663,933.0653687,877.6971436,2855.734375,4201.987305,17624.05078
11-04-2023,800.326355,860.5938721,503.2434387,368.1677246,851.0454102,2955.635254,1289.618774,173.1669769,969.1314697,1001.30249,981.2349854,933.7907104,882.8552856,2873.106445,4236.003418,17722.30078
12-04-2023,810.7195435,868.6445313,499.5549622,367.6791992,848.8013916,2981.248291,1309.933105,174.0556183,975.8181763,1011.924133,988.4782104,956.8544312,893.3660889,3152.579834,4284.499512,17812.40039
13-04-2023,814.352356,877.2807007,504.0474243,372.7536011,862.0661621,2932.689697,1274.073364,172.2549591,955.6240234,990.9087524,975.6445923,951.3458252,891.2248535,3124.95166,4361.953613,17828
17-04-2023,801.9382324,879.5250854,514.4980469,377.8678894,862.265686,2887.303467,1154.02124,169.004425,929.1891479,939.0316162,970.9779053,951.2282104,882.1739502,3104.046143,4350.450195,17706.84961
18-04-2023,798.5460205,875.1826172,516.2478027,376.5020447,861.0688477,2879.256592,1154.984375,172.0678864,948.4915771,934.7009277,976.9084473,963.0099487,899.4972534,3209.996094,4302.796387,17660.15039
19-04-2023,801.4811401,870.3522339,510.9987793,375.8241882,871.0923462,2841.412354,1130.084229,168.7471924,926.0687866,924.3984985,967.8666992,962.4120483,887.4780884,3280.661865,4284.598145,17618.75
20-04-2023,804.4643555,872.7918701,515.2547607,375.6447144,866.4546509,2855.391113,1122.013672,169.7059937,924.9988403,931.6011353,960.3318481,952.3848267,879.7896118,3143.746826,4312.466309,17624.44922
21-04-2023,805.7635498,864.2532349,513.6942139,377.5688171,861.916626,2906.938477,1125.636353,172.138031,935.2073364,910.5858765,961.9846802,954.4530029,890.5437012,3171.767578,4325.259766,17624.05078
24-04-2023,812.2833252,882.8917847,524.5232544,378.2865906,879.9688721,2919.768311,1124.673462,176.7682953,939.7543945,917.2869873,951.9705811,942.1712646,878.8164063,3133.686768,4362.697266,17743.40039
25-04-2023,800.7353516,891.3815308,531.3327637,376.7014465,876.0292969,2920.871582,1123.389282,175.6925659,939.2192993,908.9902954,945.5050659,947.503479,885.2883301,3166.664063,4380.003906,17769.25
26-04-2023,804.4162598,892.8453369,535.6359863,374.5680542,885.3046875,2941.242188,1125.819824,175.1781158,950.0072632,908.3520508,944.289856,949.8167725,886.6994019,3160.333496,4373.954102,17813.59961
27-04-2023,808.8430786,896.163208,534.1228638,380.5496216,879.071228,2931.861572,1142.969971,175.1079407,955.0892944,914.5974731,951.53302,964.2156372,889.4731445,3178.44165,4380.995605,17915.05078
28-04-2023,812.0186768,895.4801025,546.9379272,386.4215393,857.7277222,2960.647217,1148.931274,180.0656128,964.9278564,933.3334351,960.2345581,966.4307861,883.7310791,3207.345947,4476.400391,18065
02-05-2023,811.8502808,899.8225708,544.100647,383.0519409,868.3496094,2960.785156,1171.584351,181.632431,968.0565796,960.4571533,946.039856,970.4594116,893.1226196,3193.40918,4453.688965,18147.65039
03-05-2023,814.689209,900.5545044,539.5609741,385.0059509,857.578125,2924.458252,1163.97229,180.1123657,960.2579346,947.8297729,936.8522339,970.8220215,895.9937744,3208.180176,4478.135742,18089.84961
04-05-2023,831.3616943,899.432312,548.5457764,388.3257141,863.6620483,2961.981201,1168.007568,179.4576111,967.3764648,953.1633911,946.9634399,973.9096069,908.4995117,3221.724609,4515.57373,18255.80078
05-05-2023,782.2103882,904.5554199,545.2355347,384.557312,863.0137329,2971.177246,1154.755005,177.4464722,957.1748047,944.9123535,943.512085,968.9106445,900.0325928,3229.821533,4564.466309,18069
08-05-2023,791.2562866,915.2409058,551.9505005,390.5687866,876.1289673,2989.47876,1160.716309,177.8908081,975.4923096,951.2487793,935.1507568,961.9709473,908.3048706,3225.405029,4586.879883,18264.40039
09-05-2023,791.2803955,911.8255005,542.3982544,389.6615906,885.9030762,3019.506104,1165.393799,178.8028259,978.43927,955.3060303,930.8728638,967.0973511,914.046936,3320.509277,4555.094727,18265.94922
10-05-2023,794.9371948,913.4355469,541.1688232,390.5388794,887.5487671,3022.770996,1158.561279,179.4809723,977.8045044,953.8016968,927.3242798,954.1687622,919.107666,3361.780518,4563.276855,18315.09961
11-05-2023,795.4665527,916.5095215,542.3510132,390.3893433,893.5827637,3018.494873,1152.003662,179.9019012,986.6912231,951.887085,934.3729248,888.4377441,918.3290405,3267.510254,4557.325684,18297
12-05-2023,802.4915771,921.0959473,546.7960815,390.9177246,908.2439575,3011.275146,1142.006958,179.2471161,993.4016113,953.9839478,929.4630737,875.5188599,912.34375,3253.622314,4567.193359,18314.80078
15-05-2023,806.3409424,922.9012451,550.3427734,393.3901367,913.3803101,2993.571777,1154.067261,180.4163666,997.2556152,970.486145,926.5463867,885.8010254,898.0860596,3215.786621,4587.624023,18398.84961
16-05-2023,801.7174683,923.4867554,554.5041504,388.2160339,915.375061,2996.422363,1159.52417,180.9776306,989.0490112,963.8762207,914.8308716,885.1149292,897.4048462,3218.681885,4517.458008,18286.5
17-05-2023,797.4102173,916.6558228,554.5041504,380.6592712,912.3829346,2950.945068,1143.566162,178.8028259,974.4041138,961.095459,909.9697266,878.5377808,899.2053223,3207.444336,4445.111328,18181.75
18-05-2023,800.5980225,923.6330566,543.0603638,384.2980957,912.2832642,2942.805908,1142.740723,178.9431152,979.2555542,956.1264648,903.8445435,867.0892334,890.0083618,3095.065918,4405.29248,18129.94922
19-05-2023,801.5227661,931.2446899,543.9588013,387.1393433,921.6084595,2963.958252,1163.743042,180.6268616,993.265625,977.5065918,900.1500854,860.9827881,891.7115479,3040.888672,4410.399902,18203.40039
22-05-2023,798.6755981,927.3900146,545.8503418,386.8502808,915.1256714,3033.715088,1185.662354,185.0934143,1015.482178,1006.955139,911.4281006,873.8623657,900.1785278,3204.499756,4567.242188,18314.40039
23-05-2023,796.8018188,930.3664551,550.05896,383.1217041,913.7293701,3032.198242,1192.311646,185.9820404,1004.147156,994.2365723,905.7404175,874.4309082,905.4825439,3323.061279,4512.796875,18348
24-05-2023,786.3868408,917.9244995,551.0993652,380.8985596,915.2752686,3037.991455,1191.02771,186.9408264,1008.318542,1001.758362,925.7199707,885.9381714,912.8790283,3320.460449,4498.962891,18285.40039
25-05-2023,783.3693237,917.1437988,549.7280273,384.8065186,918.616394,3028.932617,1196.255127,184.3217163,1011.991028,1001.16571,918.7684326,882.9389038,920.1295776,3371.987305,4530.399902,18321.15039
26-05-2023,786.3868408,927.7316895,554.2203979,387.8172913,924.5008545,3061.489014,1208.269409,187.8762665,1033.028687,1016.345886,942.9772949,888.2318115,925.87146,3448.885742,4571.805664,18499.34961
29-05-2023,795.9744873,925.2433472,562.7322998,389.4422913,927.3432617,3053.626465,1205.47229,186.9875946,1021.240417,1015.707825,941.567627,893.1915894,930.6402588,3413.405762,4602.103027,18598.65039
30-05-2023,796.5828857,926.9998169,560.6516724,393.7290649,934.9731445,3049.80957,1214.139038,188.2503967,1029.991211,1001.439209,932.9631348,885.8696289,934.1438599,3393.92334,4561.144531,18633.84961
31-05-2023,783.9777222,926.2191162,559.060791,401.6347961,912.4328003,3025.25415,1209.049194,188.7882538,1038.379028,1017.075256,948.276001,882.3703613,927.5259399,3379.790527,4583.755859,18534.40039
01-06-2023,780.6439209,913.484375,561.8568115,384.8264771,917.2700195,3056.98291,1210.149536,190.4252167,1035.476929,1021.862061,960.2831421,892.3681641,938.9125977,3460.074463,4774.466797,18487.75
02-06-2023,781.8605957,915.4848633,566.1472778,386.5611572,923.6530762,3040.060791,1207.361206,189.396286,1031.079346,1023.958801,971.8529663,903.8167725,939.9831543,3446.530273,4926.251465,18534.09961
05-06-2023,780.838562,923.8770752,566.1472778,383.7996216,948.3376465,3024.702393,1212.473267,189.0455017,1032.212769,1011.422791,980.7489014,902.4641113,948.6934814,3398.143799,4909.293457,18593.84961
06-06-2023,778.4052124,919.3394165,564.3635864,390.6087036,965.6418457,2972.649414,1188.772217,187.0577698,1023.416809,990.3618774,985.6586914,908.9528809,946.0170898,3472.342773,4899.276367,18599
07-06-2023,782.4446411,917.4852905,568.0755615,386.6907349,974.1692505,3011.82666,1198.020142,188.3907013,1023.824829,998.9776001,986.4364014,916.2258911,934.7278442,3476.465332,4984.914063,18726.40039
08-06-2023,782.9312744,915.2409058,567.4006348,376.143158,959.5579224,2976.465576,1192.304321,186.8706818,1021.739014,976.7316284,959.6026001,911.4523926,939.5452271,3434.850586,4885.937988,18634.55078
09-06-2023,783.8560791,915.3872681,557.9520264,373.2520752,972.1745605,2951.49707,1176.6427,185.8183441,1006.323364,969.2097778,956.6372681,914.8633423,943.2921143,3365.215576,4885.987793,18563.40039
12-06-2023,779.0865479,913.3380737,557.9038696,374.7375183,971.6260376,2986.076172,1200.808472,185.0232697,1033.437012,979.8769531,958.0957031,916.5983887,934.2411499,3374.735596,4884.053711,18601.5
13-06-2023,780.4005127,920.7543945,555.7344971,370.0519409,983.2451782,2983.133301,1212.798462,184.9998627,1025.86499,984.1165161,960.6720581,921.763916,955.2140503,3423.072998,4910.136719,18716.15039
14-06-2023,779.5488281,917.0950317,555.8790894,371.7865906,975.1167603,2989.893066,1208.662598,185.4208069,1029.991211,982.4754028,959.3109131,921.1757202,952.4890137,3421.355469,4967.607422,18755.90039
15-06-2023,769.9611816,904.2138672,546.1893921,365.5757141,974.5682373,2979.932617,1196.021973,181.9130402,1037.018677,986.031189,960.9637451,941.6517944,971.4667969,3514.693359,5175.624023,18688.09961
16-06-2023,780.0355225,911.6303101,550.769104,370.3410339,978.956543,2941.575195,1200.529663,178.335083,1041.190063,982.1105957,964.4638062,963.529541,979.1065674,3513.270264,5157.078125,18826
19-06-2023,780.7169189,900.84729,548.4551392,363.7911987,963.0986938,2974.466553,1202.713989,177.7972412,1031.532715,997.0630493,973.9917603,956.4623413,984.1673584,3518.324707,5102.483398,18755.44922
20-06-2023,782.3473511,903.18927,547.0571899,367.66922,972.274292,2990.495117,1211.450928,178.896347,1059.734009,1009.599243,964.4152222,960.8143921,984.0700073,3500.118408,5119.39209,18816.69922
21-06-2023,796.0231934,902.3598022,546.0447998,367.9782715,963.4476929,3018.753418,1207.686646,180.2994385,1061.366333,1021.041382,964.3666382,962.6179199,981.880188,3444.518311,5076.450195,18856.84961
22-06-2023,799.916687,903.3843994,542.7667236,366.0940857,964.0460815,3000.501465,1191.142212,178.8028259,1054.973389,1020.266418,962.8110962,960.4713135,971.5640869,3478.182861,5024.136719,18771.25
23-06-2023,799.868042,901.1888428,534.7160645,364.5886841,955.8677979,2979.979492,1175.759888,177.7037048,1056.560303,1017.029602,963.9291992,978.9869385,962.9025269,3398.781738,5003.756348,18665.5
26-06-2023,795.9988403,905.043396,537.0782471,363.4721375,958.012085,2955.241211,1180.7323,178.1480255,1058.691284,1013.747681,967.3320313,988.3378906,994.5321045,3468.858643,4995.32666,18691.19922
27-06-2023,807.21698,913.484375,545.8037109,367.8088074,970.6785278,2962.375488,1188.911621,178.9431152,1060.958374,1020.858948,973.9917603,985.2012939,982.2208252,3516.901611,5100.301758,18817.40039
28-06-2023,815.7583008,914.8018188,549.3710938,366.9813538,975.6154175,2979.14502,1202.109741,178.522171,1061.185059,1010.283081,993.4366455,1001.325317,982.8535156,3534.813721,5084.533203,18972.09961
30-06-2023,828.0471191,912.0205688,552.3117065,368.1776733,984.8410034,3059.566162,1241.286377,182.0065765,1077.235474,1031.02478,1022.409546,1011.470215,987.7681885,3517.196045,5056.069824,19189.05078
03-07-2023,837.0021362,919.7785034,564.460022,367.6592712,979.505127,3031.816895,1239.613281,183.1524506,1071.477173,1022.454407,1004.034058,999.453186,974.9703369,3521.072754,5026.615234,19322.55078
04-07-2023,841.090332,921.8765869,568.1237793,371.1983948,968.1352539,3065.681152,1250.255615,185.1869659,1079.638306,1046.660767,1019.687134,1017.11615,984.7512207,3484.316895,5067.723145,19389
05-07-2023,814.3712158,934.8552246,569.425354,371.8264465,963.9463501,3075.96582,1252.254028,184.2281647,1083.447144,1071.277466,1015.700867,1015.145935,983.7293091,3678.500732,5035.689941,19398.5
06-07-2023,815.1986084,936.2214966,571.2572632,374.3088379,978.3582153,3078.69873,1249.09375,185.3038788,1070.615723,1075.152222,1013.562134,1025.624023,993.8994751,3667.606689,5239.39209,19497.30078
07-07-2023,808.0930176,923.5355835,572.317749,369.5634155,975.1134644,3084.582275,1236.360229,185.1401978,1049.713867,1053.95459,1006.950684,1015.959412,993.3156128,3600.669922,5103.723145,19331.80078
10-07-2023,806.1705933,925.4872437,571.3536377,372.235199,962.4839478,3031.493408,1235.384277,182.3807373,1019.698914,1045.885864,1015.992676,1010.558655,989.4713745,3572.501709,5115.723633,19355.90039
11-07-2023,802.2528076,922.1205444,567.4488525,372.1753845,951.6516724,3031.909912,1253.462158,183.362915,1010.993591,1058.923584,1042.486328,1020.61499,1000.274109,3573.974121,5213.558105,19439.40039
12-07-2023,794.7334595,921.5838623,568.1237793,374.4682922,948.4568481,3020.328613,1239.241699,183.2693787,1007.049194,1057.054565,1048.805664,1025.188599,994.8240356,3566.171387,5208.648438,19384.30078
13-07-2023,798.6999512,932.6108398,564.652832,372.7934875,958.5903931,3095.051758,1268.798218,184.4152374,1005.462036,1071.505371,1045.79187,1015.991821,993.3641968,3553.804688,5139.177734,19413.75
14-07-2023,800.3547363,936.8557739,563.4476318,372.6538696,955.4953613,3256.356201,1325.355469,189.4430389,1043.683594,1120.191528,1043.166748,1006.034241,1003.291077,3609.061523,5129.062012,19564.5
17-07-2023,817.0966797,945.2967529,579.5489502,378.2467041,963.2826538,3235.09375,1322.567017,194.213623,1046.222656,1132.727905,1047.687744,1033.239502,1004.994202,3595.026611,5176.169434,19711.44922
18-07-2023,816.4153442,951.883728,571.1126099,377.0105286,962.0847168,3239.865723,1371.131104,195.1256409,1058.419434,1137.422974,1037.527832,1025.58374,1003.193787,3559.448242,5119.938477,19749.25
19-07-2023,820.1140747,949.9320068,579.8864136,380.1508484,962.7335815,3215.034668,1370.898682,195.4764252,1060.096924,1134.824707,1051.819824,1031.579956,1008.059814,3570.636963,5132.830566,19833.15039
20-07-2023,821.8905029,971.546875,588.1780396,390.1800232,976.3115234,3217.125488,1347.244141,195.3360901,1057.124512,1142.346313,1067.181274,1054.883423,1028.25415,3598.608887,5152.516602,19979.15039
21-07-2023,815.5636597,972.9130859,593.046936,392.8318481,969.722229,3128.877686,1237.661499,189.2793579,1020.219055,1118.160645,1066.695068,1044.787598,1029.137085,3619.956055,5161.888672,19745
24-07-2023,816.8533325,968.0338745,595.5055542,378.2865906,969.921875,3153.447266,1242.308594,188.9753418,1017.886902,1087.051392,1069.854858,1065.235962,1029.137085,3617.698486,5137.986816,19672.34961
25-07-2023,825.7110596,970.6686401,587.7441406,373.9499207,960.9365234,3157.534424,1240.449951,187.268219,1016.6521,1082.045776,1064.653442,1071.894043,1034.827637,3650.479492,5169.128906,19680.59961
26-07-2023,822.8395386,972.3763428,593.0952148,377.8977966,975.2132568,3147.455811,1253.694458,188.3673248,1019.807556,1069.602051,1081.132813,1081.822021,1048.317871,3612.251221,5113.144531,19778.30078
27-07-2023,814.2982788,966.3261108,594.4450073,373.6009827,958.3407593,3155.444336,1257.691284,187.0577698,1021.957275,1029.089478,1103.445679,1088.015747,1149.323242,3672.562744,5172.400879,19659.90039
28-07-2023,799.868042,972.1324463,593.9628906,374.2190857,948.4069214,3116.894287,1245.933472,186.496521,1009.335266,1020.809265,1110.860962,1103.031006,1155.553345,3669.765625,5302.764648,19646.05078
31-07-2023,803.6154175,974.1817017,597.9641724,370.1715393,952.3505249,3178.249268,1260.061279,189.4430389,1021.36261,1043.685059,1115.592896,1114.381348,1152.806274,3616.030273,5130.69873,19753.80078
01-08-2023,808.9934082,970.5222168,589.9135132,368.8655701,958.3407593,3206.674561,1268.891113,190.3316803,1041.301147,1069.88269,1115.641724,1119.636841,1156.093018,3572.060547,4990.813965,19733.55078
02-08-2023,798.407959,963.105896,576.9938965,363.6216736,943.7145386,3196.084961,1261.130249,188.3907013,1034.350098,1071.894165,1107.641113,1118.332764,1146.23291,3622.213623,4955.458496,19526.55078
03-08-2023,792.6407471,941.6861572,569.3289185,363.5319519,934.0303345,3158.277832,1268.054688,186.91745,1029.411133,1069.227783,1113.251343,1118.145142,1143.829102,3657.251953,4955.012207,19381.65039
04-08-2023,804.1021118,947.0532837,552.7456055,366.8744507,950.703186,3198.77832,1281.113525,191.2203064,1046.651978,1099.541748,1111.251099,1116.179321,1186.899902,3675.997803,4939.144531,19517
07-08-2023,803.6398315,952.0788574,547.5392456,365.4875793,945.861084,3236.399658,1294.72998,192.2960205,1052.55127,1107.447876,1132.569824,1112.4552,1200.537354,3838.087891,4972.962891,19597.30078
08-08-2023,802.9828491,956.2262573,552.5527954,364.7791748,951.3521118,3223.906494,1292.127563,194.7280731,1043.908203,1127.797607,1120.715454,1117.838867,1242.528809,3775.126465,4981.838867,19570.84961
09-08-2023,803.2747803,957.0133057,553.1795044,365.4775696,948.4568481,3216.381836,1296.03125,195.40625,1046.469116,1148.942749,1124.764526,1159.931152,1242.136475,3668.440674,4940.186035,19632.55078
10-08-2023,796.1448364,948.552002,553.0830688,359.3613892,938.2234497,3197.431641,1291.105103,195.8038025,1037.459961,1156.240479,1122.325195,1156.009399,1235.170532,3676.095947,4881.821777,19543.09961
11-08-2023,787.8468628,937.4833984,553.5651855,357.4855652,935.6776123,3203.655029,1275.072021,193.1846619,1071.438354,1141.878418,1104.811646,1150.447754,1226.585693,3640.131348,4865.606934,19428.30078
14-08-2023,784.0020752,944.0753784,540.6937866,358.0143738,938.4231567,3204.631104,1295.241211,194.1668396,1071.026855,1141.223633,1106.665405,1150.516968,1212.261597,3690.986572,4781.012695,19434.55078
16-08-2023,781.7145996,941.0745239,545.0806274,356.4379272,931.5343018,3212.572998,1318.431152,195.8038025,1076.651367,1148.802246,1115.836914,1157.333008,1220.061523,3672.732422,4901.061035,19465
17-08-2023,777.3831787,936.3027954,551.6368408,352.347168,935.0286865,3191.532715,1311.971436,195.2893372,1076.240112,1152.451172,1116.959106,1161.837646,1217.55957,3615.990234,4852.317871,19365.25
18-08-2023,774.1953125,935.3189087,552.4082031,349.3738098,941.5181274,3127.762939,1290.826172,192.5532684,1073.49646,1132.849976,1107.299805,1160.612793,1213.046509,3616.138672,4817.145508,19310.15039
21-08-2023,773.5869141,939.7955322,551.2030029,351.279541,951.0525513,3159.856934,1306.255127,193.9096069,1078.572388,1140.381836,1109.73877,1167.804321,1210.495605,3626.378906,4900.90332,19393.59961
22-08-2023,770.2775269,936.6471558,548.1176758,351.8282776,955.4953613,3141.74292,1304.721558,195.0788727,1078.801147,1135.095459,1109.885254,1170.708496,1197.937378,3614.506104,4887.986816,19396.44922
23-08-2023,772.1755371,951.2576294,556.2165527,355.2106934,977.6593018,3156.698486,1308.625244,194.213623,1081.544922,1123.680908,1096.37207,1176.20105,1207.405151,3664.866211,4913.77002,19444
24-08-2023,768.6228027,953.3237915,556.2647705,355.3902893,979.7558594,3146.94458,1323.171265,193.0209961,1071.255371,1121.903076,1091.103516,1167.073364,1197.446777,3625.389648,4888.284668,19386.69922
25-08-2023,759.9597778,954.7504272,549.5157471,354.9712219,981.5030518,3140.953369,1319.918091,191.6178741,1055.432373,1112.921143,1079.395386,1141.804077,1186.556519,3597.933838,4834.185059,19265.80078
28-08-2023,767.8684082,954.8980103,552.3117065,357.2660828,988.5915527,3135.612305,1315.782104,190.8461609,1048.572632,1108.476929,1089.835083,1141.142334,1205.688232,3594.718262,4873.878906,19306.05078
29-08-2023,773.9763184,952.1431274,554.2399902,355.8193054,979.1069336,3136.169434,1317.641113,190.8695374,1058.724976,1120.873901,1084.566284,1130.848877,1206.522095,3618.315674,4847.002441,19342.65039
30-08-2023,768.3307495,943.4359131,547.0571899,354.1830139,981.7526245,3149.917236,1333.906616,190.4486084,1070.569092,1120.125488,1087.786133,1116.218872,1212.80127,3592.294434,4843.126953,19347.44922
31-08-2023,764.8022461,943.288269,541.223999,350.9602661,971.9186401,3118.194824,1334.185303,191.0098419,1072.078613,1124.569702,1084.566284,1107.940674,1233.846069,3554.004639,4783.116699,19253.80078
01-09-2023,766.3840332,953.0778198,549.1300659,353.4247131,989.539978,3139.002686,1341.992676,194.7280731,1084.563354,1148.98938,1082.029541,1102.151855,1221.876465,3551.234375,4809.197266,19435.30078
04-09-2023,771.1779785,951.7495728,554.914978,351.6487122,980.65448,3175.509277,1361.743652,203.0298157,1127.276245,1175.841675,1081.932129,1118.135254,1215.450195,3590.859863,4793.797363,19528.80078
05-09-2023,766.4813843,952.7826538,552.4563599,353.4147034,979.8557739,3185.588379,1374.570068,201.9774933,1130.065796,1173.783569,1104.372681,1102.221069,1215.54834,3603.672363,4952.419434,19574.90039
06-09-2023,776.5070801,942.0584717,550.0460205,353.2650757,963.4823608,3186.098389,1373.22229,200.7848358,1130.340088,1168.543701,1114.568359,1103.090332,1233.012085,3668.626221,5000.706543,19611.05078
07-09-2023,783.9777222,950.0770264,558.2894897,356.9966736,976.6110229,3209.647217,1362.765991,202.4451752,1146.940552,1187.536987,1105.494751,1109.382935,1225.702881,3654.824219,4996.682617,19727.05078
08-09-2023,790.0856323,954.8980103,562.5317383,357.8348083,978.7075806,3197.24585,1365.926147,201.1122437,1154.303589,1181.642578,1102.957764,1103.189209,1221.091553,3659.572998,4953.064941,19819.94922
11-09-2023,794.1738281,962.4738159,570.4859619,360.768158,998.7749634,3233.241211,1372.292847,203.3806,1172.13855,1187.16272,1109.251099,1109.116211,1223.789673,3696.625977,5063.152344,19996.34961
12-09-2023,796.6558838,974.5262451,567.2560425,361.4266968,999.2741699,3326.273193,1395.203857,203.4507599,1172.915894,1184.496094,1117.397827,1120.970459,1216.382324,3747.629395,4947.153809,19993.19922
13-09-2023,800.0626831,973.8375244,575.0656128,364.100708,1012.802185,3314.243164,1392.647949,203.7781525,1166.376465,1179.256714,1120.812866,1133.832275,1205.295654,3711.071289,4978.749023,20070
14-09-2023,799.5759888,971.7714233,575.8851318,363.4920349,1019.241638,3306.997803,1400.641235,204.1289063,1174.013672,1197.454468,1115.983276,1134.968262,1210.446533,3777.409912,5051.825684,20103.09961
15-09-2023,808.750061,976.4448242,577.3313599,361.9654846,1025.481567,3342.529053,1404.963257,206.2803497,1193.220703,1216.354126,1121.837402,1149.756348,1212.163452,3775.035645,5059.028809,20192.34961
18-09-2023,792.8354492,974.2311401,582.2967529,358.8624878,1023.085449,3349.820557,1386.560059,203.9652252,1193.586548,1206.764038,1119.739746,1131.678711,1217.118164,3745.156006,5042.48584,20133.30078
20-09-2023,761.0305176,971.2302856,579.5489502,357.0864868,1025.631226,3349.728027,1385.119385,201.1589966,1182.976929,1192.308716,1125.105835,1109.363159,1216.28418,3739.516357,4974.079102,19901.40039
21-09-2023,755.9932861,943.8294067,567.0632324,350.3516235,1012.802185,3330.453125,1395.80835,200.6211395,1168.891724,1208.494995,1118.276123,1119.92334,1183.613159,3707.064209,4987.740723,19742.34961
22-09-2023,744.4588623,934.9744873,576.7047119,350.5013123,1016.595947,3347.498047,1390.603149,195.7336426,1164.958618,1221.312866,1104.811646,1090.001343,1163.500366,3665.756836,4957.4375,19674.25
25-09-2023,745.1158447,940.9269409,572.7516479,356.0787659,1017.294861,3322.88208,1370.155273,193.675766,1155.583862,1215.792603,1096.713623,1074.531738,1157.074097,3688.958252,5064.245605,19674.55078
26-09-2023,748.3522949,933.4003296,573.0891113,352.0278625,1012.502625,3330.824707,1357.607666,193.1145172,1153.754517,1199.746948,1098.469849,1080.26123,1141.670654,3713.989746,5021.175293,19664.69922
27-09-2023,743.0960693,927.890625,568.605835,352.2373962,1023.534546,3334.168701,1363.509521,194.4006958,1153.434326,1205.68811,1112.226807,1085.931519,1158.202271,3728.039307,5072.492676,19716.44922
28-09-2023,741.5630493,927.3986816,568.7987061,345.8617554,1029.225342,3285.35376,1337.903198,189.5833588,1135.873657,1150.346069,1104.763062,1072.625122,1142.06311,3626.131592,4987.790039,19523.55078
29-09-2023,742.8284302,936.5487671,577.090332,346.3606262,1035.015991,3277.783203,1334.185303,189.9107361,1129.380005,1144.077393,1130.472168,1103.821411,1163.745605,3725.219482,5104.683594,19638.30078
03-10-2023,733.9464111,925.1358032,581.3325806,344.634491,1039.358887,3264.081787,1332.837524,189.6301422,1132.946777,1137.902344,1113.690552,1079.065796,1160.458984,3684.950928,5086.004883,19528.75
04-10-2023,744.4101563,915.0510864,565.2313232,343.6367493,993.9328003,3286.282715,1342.45752,189.3728943,1133.724487,1127.42334,1096.469727,1070.3927,1145.00647,3668.428223,5014.915039,19436.09961
05-10-2023,747.4276123,925.6769409,570.9197998,346.0712585,1001.6203,3334.215088,1360.210083,190.2615204,1129.974121,1127.984497,1091.883911,1068.308105,1139.168701,3657.98999,5014.567383,19545.75
06-10-2023,746.6003418,929.9568481,572.944519,347.9969177,999.3240356,3363.986816,1374.384155,190.7526245,1132.032104,1138.557373,1099.884644,1071.795288,1141.032959,3682.329102,5027.682129,19653.5
09-10-2023,737.9372559,923.4632568,564.1225586,343.0879517,994.6317139,3379.731689,1371.363403,189.7002869,1142.91626,1134.580933,1095.737915,1085.615356,1137.598999,3666.004395,5014.814941,19512.34961
10-10-2023,742.1227417,935.8600464,570.4377441,350.431427,1010.605652,3370.953369,1389.673828,190.7058563,1154.074707,1148.708618,1099.103882,1082.394897,1133.233154,3674.265625,5034.09082,19689.84961
11-10-2023,749.3013306,937.7293701,567.2560425,353.4845886,1017.44458,3353.304443,1388.976685,196.973053,1139.257568,1152.310791,1101.299194,1099.988525,1149.813843,3710.774414,5060.072754,19811.34961
12-10-2023,754.289917,938.8608398,565.0384521,351.9779663,1016.795654,3290.741943,1362.115356,195.0788727,1119.273193,1121.575684,1102.90918,1092.599487,1136.029175,3715.424316,4961.709473,19794
13-10-2023,747.4276123,935.9584351,555.4934692,351.6087952,992.4352417,3317.030273,1330.188721,192.2492676,1148.678345,1117.224976,1117.446777,1078.769653,1145.693115,3695.735596,4985.007813,19751.05078
16-10-2023,744.4345093,936.0568848,555.0113525,349.1643066,1003.167786,3273.556641,1332.977051,191.8517303,1162.169189,1108.33667,1107.690063,1085.269531,1142.406372,3616.435547,4989.379883,19731.75
17-10-2023,750.0800171,938.5165405,555.7826538,353.5145264,1006.412537,3257.765381,1340.691528,192.4129639,1168.114258,1120.499756,1109.153687,1095.345581,1151.334595,3607.927002,4996.433594,19811.5
18-10-2023,739.640686,928.5301514,552.1189575,349.8926697,991.2372437,3239.372314,1338.925415,190.5655365,1161.071289,1110.675659,1125.349731,1121.691528,1187.733765,3602.583984,4945.216309,19671.09961
19-10-2023,737.3045654,920.6591797,550.7209473,346.9093628,989.7896118,3218.324219,1332.512329,184.8829346,1159.150879,1096.68811,1113.739136,1112.494629,1200.194092,3599.170654,4964.888672,19624.69922
20-10-2023,741.125,917.7075806,542.9113159,353.1253967,978.7575073,3254.552979,1326.563721,183.2693787,1162.151611,1095.331543,1114.421997,1100.324341,1177.530273,3516.605713,4945.51416,19542.65039
23-10-2023,732.9730835,914.9527588,533.1252441,347.3683472,962.7335815,3175.948975,1309.276001,179.2003326,1141.883911,1081.531006,1095.152344,1096.896606,1161.440063,3463.821533,4937.56543,19281.75
25-10-2023,728.3252563,901.3260498,536.258728,344.8340454,953.8979492,3157.276367,1289.881226,178.5923462,1134.819946,1068.619629,1093.05481,1089.369141,1135.587646,3406.931152,4828.621582,19122.15039
26-10-2023,712.2159424,893.9962769,527.3885498,338.2089539,970.4709473,3107.590088,1279.901611,176.9086151,1137.405518,1043.638672,1076.858521,1071.212524,1129.112427,3370.273926,4729.662598,18857.25
27-10-2023,715.0144043,898.0301514,541.03125,339.7754211,1001.121094,3120.815186,1299.578613,178.8261871,1171.477783,1048.410278,1084.273682,1066.342285,1152.070435,3375.765137,4799.112793,19047.25
30-10-2023,722.7770386,909.9841919,544.9360962,342.7287903,987.5932007,3146.519531,1296.47168,178.6624908,1167.830688,1054.351318,1088.078735,1056.078613,1170.907715,3367.305908,4810.588379,19140.90039
31-10-2023,718.5914917,900.5881958,545.2734985,347.098938,980.2550659,3137.392822,1288.327881,178.5689392,1178.218384,1060.198975,1062.125732,1060.464722,1177.333984,3352.415527,4788.878418,19079.59961
01-11-2023,717.618103,899.3091431,546.0930786,344.1056824,970.2214355,3101.909424,1274.911621,178.1714172,1162.474976,1052.667236,1089.054443,1056.296021,1178.560425,3310.564209,4765.678711,18989.15039
02-11-2023,718.7131348,905.1140137,551.588623,346.7597046,981.3533325,3129.33667,1289.975342,179.4341888,1175.817627,1054.936768,1105.299561,1054.725342,1185.673462,3308.239014,4855.547363,19133.25
03-11-2023,722.1199951,918.7406616,557.4217529,345.8717041,987.2436523,3120.768311,1307.769531,179.3874207,1169.215698,1071.581299,1113.348999,1039.818604,1183.564087,3315.164795,5120.03418,19230.59961
06-11-2023,727.3518066,930.2028198,553.7579956,347.2585754,1007.760315,3148.102539,1321.185669,179.9019012,1172.401001,1080.140137,1122.032593,1054.64624,1181.356567,3469.510498,5131.708496,19411.75
07-11-2023,723.8233643,932.8099976,558.9643555,349.463623,1019.241638,3138.976074,1322.127197,179.2705078,1176.325562,1086.618164,1142.473022,1067.735229,1193.473267,3444.47876,5103.789551,19406.69922
08-11-2023,725.9161377,920.6591797,559.4946289,348.4658813,1020.040344,3149.313232,1309.605347,178.7560577,1170.508057,1077.302856,1148.083008,1077.455688,1217.55957,3453.87793,5078.055176,19443.5
09-11-2023,723.0446777,922.2333374,557.614563,348.2064209,1020.240051,3117.55542,1294.353394,178.1246338,1170.369751,1062.928101,1147.595337,1078.324951,1214.76355,3461.397461,5263.503906,19395.30078
10-11-2023,725.8917236,923.4632568,558.7233276,348.3062439,1027.528076,3104.516602,1288.751343,177.399704,1159.243042,1076.357056,1150.668701,1071.795288,1216.676636,3456.153564,5244.526855,19425.34961
13-11-2023,724.5776978,919.380188,560.506958,348.855011,1023.684326,3102.747803,1293.176514,178.4988098,1164.367798,1069.92627,1149.156494,1070.797607,1217.118164,3472.775635,5187.049805,19443.55078
15-11-2023,732.1700439,925.9229126,563.7369385,353.1054077,1039.658325,3170.500977,1327.964478,183.1758423,1178.818604,1110.024414,1152.180908,1070.817383,1218.29541,3499.34082,5191.322754,19675.44922
16-11-2023,734.0924072,920.9051514,563.6887207,353.7739258,1024.682739,3257.626465,1360.351563,185.7248077,1210.582397,1141.658325,1160.620728,1095.375244,1211.476807,3510.619873,5304.389648,19765.19922
17-11-2023,732.5106812,906.9833374,542.8630981,352.127655,992.7348022,3261.9104,1353.431641,184.929718,1208.828125,1137.449829,1165.547729,1108.671753,1225.801025,3562.662109,5443.6875,19731.80078
20-11-2023,732.5593262,906.5898438,543.5380249,353.3149414,987.0939941,3277.882568,1352.537231,187.1746979,1223.832886,1146.008667,1159.108276,1107.209595,1223.544434,3633.99707,5438.719238,19694
21-11-2023,738.7645874,911.1647949,541.3687134,352.6464539,990.1889038,3269.128174,1354.796631,187.3851471,1224.940796,1139.104858,1172.182495,1115.566895,1229.578247,3682.131348,5431.615234,19783.40039
22-11-2023,736.1365356,907.8688354,538.9100952,348.3461304,996.4786377,3287.708008,1372.496582,187.1980743,1227.803345,1149.413208,1174.816895,1119.142944,1247.483521,3662.442383,5496.395996,19811.84961
23-11-2023,740.3950195,908.1148071,539.8742676,347.0789795,997.427124,3267.312256,1364.446899,188.2503967,1227.157104,1145.157471,1169.645752,1115.211304,1148.538452,3649.382568,5458.59082,19802
24-11-2023,745.6512451,914.4116211,540.2598877,348.0168762,1006.861816,3219.674805,1353.290283,185.2103271,1208.828125,1132.81604,1166.377075,1115.507568,1176.009521,3724.873291,5366.536621,19794.69922
28-11-2023,743.972168,910.5745239,544.2128906,347.6676941,1019.491272,3231.828369,1358.280151,185.6078949,1215.753418,1137.119019,1162.376831,1121.365601,1169.779541,3720.272461,5332.258789,19889.69922
29-11-2023,758.8161011,924.4470825,548.2141113,349.9026184,1058.427979,3272.434082,1374.191284,190.0042877,1231.727539,1155.370972,1172.963013,1129.179443,1178.854858,3690.195068,5387.053711,20096.59961
30-11-2023,758.645752,919.8721313,544.5021973,350.3017273,1072.505005,3248.080322,1370.001709,193.1846619,1238.145264,1154.661743,1196.037842,1143.5625,1189.401733,3748.519531,5493.365723,20133.15039
01-12-2023,756.9910278,931.4326172,551.2511597,349.3139954,1102.855713,3270.478271,1367.318481,190.6590729,1234.266846,1154.283569,1201.306519,1135.906616,1182.926392,3752.477295,5555.165039,20267.90039
04-12-2023,783.2720337,975.2149658,573.378418,362.8934021,1123.771484,3271.223633,1378.663208,190.5655365,1235.421021,1157.45166,1201.208862,1137.210571,1193.522339,3757.820313,5586.362793,20686.80078
05-12-2023,790.2315674,997.1061401,586.4425659,364.8689575,1130.610352,3289.058594,1368.871826,189.1156616,1216.584351,1154.330688,1209.404785,1141.250854,1201.322144,3701.473877,5544.285645,20855.09961
06-12-2023,792.2271118,987.0706177,586.635376,363.4621277,1118.67981,3356.579346,1388.03125,195.8505859,1227.664917,1158.680908,1210.185181,1132.142944,1182.435791,3694.845215,5507.424805,20937.69922
07-12-2023,793.5167236,982.8891602,589.7689209,364.5496521,1116.03418,3366.637207,1380.122681,195.6167297,1226.233765,1156.836914,1209.160767,1142.959961,1199.703491,3694.746094,5426.25,20901.15039
08-12-2023,804.5888672,994.5480347,592.1311035,366.8644714,1129.362427,3377.627441,1403.895142,197.6512299,1259.567139,1158.775757,1205.745972,1138.771484,1196.073242,3642.704102,5519.596191,20969.40039
11-12-2023,803.5181274,1000.697266,592.227478,367.9819336,1114.686401,3392.7146,1401.400146,196.7158356,1269.908813,1166.341309,1211.209595,1081.397095,1179.590698,3631.573242,5511.646973,20997.09961
12-12-2023,795.536438,999.3198853,590.4437866,364.0507813,1129.162842,3419.909424,1389.678711,197.4641418,1269.908813,1159.57959,1188.378662,1094.604736,1176.009521,3608.91626,5394.008789,20906.40039
13-12-2023,793.7357788,997.5488892,597.626709,364.4199524,1113.039063,3346.753906,1364.211548,196.2714996,1264.276245,1150.075073,1203.11145,1106.123047,1193.522339,3617.227051,5391.823242,20926.34961
14-12-2023,803.1044922,1016.980408,601.2904663,369.937561,1118.629883,3415.392578,1413.592407,203.1701202,1306.197266,1196.036499,1201.355347,1101.124512,1181.89624,3644.138672,5480.398926,21182.69922
15-12-2023,806.2192993,1020.669983,625.0084229,369.2890015,1118.530029,3595.835693,1486.039673,208.8527222,1377.019775,1235.188721,1205.697144,1104.30542,1184.299927,3657.841797,5515.472656,21456.65039
18-12-2023,805.805542,1004.977173,625.2495117,368.5606689,1109.544678,3594.159424,1472.811768,208.2447205,1389.02356,1221.61792,1222.283691,1104.621582,1193.816772,3673.672119,5463.260254,21418.65039
19-12-2023,804.4428711,999.0739136,631.9020996,368.480835,1118.430298,3554.112549,1467.115845,205.1812592,1374.249512,1211.877197,1214.673218,1113.788696,1213.733276,3684.406738,5519.744629,21453.09961
20-12-2023,806.4382324,990.4157715,613.6315308,364.4798279,1108.446533,3520.445557,1446.497437,202.0242615,1329.604614,1180.810547,1202.184692,1102.270386,1212.85022,3581.608643,5367.431641,21150.15039
21-12-2023,820.8927612,988.2020874,620.6697998,369.7080688,1093.620605,3527.383789,1446.120728,202.9830475,1313.076538,1182.229126,1203.501709,1097.400391,1198.77124,3594.174316,5440.607422,21255.05078
22-12-2023,813.178833,978.2649536,613.9207764,371.2645569,1086.532227,3561.376953,1471.446777,216.3827057,1350.611084,1205.919067,1213.405029,1111.862427,1212.261597,3655.763916,5505.734863,21349.40039
26-12-2023,818.8244629,979.052002,615.1741333,376.5227051,1092.472412,3534.881104,1453.605591,219.8671265,1346.409912,1212.397217,1217.161255,1112.741699,1221.434937,3822.526611,5596.89502,21441.34961
27-12-2023,828.9718628,986.086792,625.2977295,379.6157532,1104.552856,3549.456543,1475.400879,220.264679,1359.245117,1210.647705,1221.990967,1129.011475,1216.333252,3843.056396,5650.845703,21654.75
28-12-2023,829.9208374,989.6779175,628.0455322,383.4072266,1106.050293,3538.932129,1471.211304,219.5631104,1359.614136,1216.132813,1231.455078,1157.471436,1236.985718,3898.165527,5723.424805,21778.69922
29-12-2023,831.8676147,980.5278931,619.0307617,380.7631836,1100.509399,3532.878418,1452.616943,220.4283447,1353.750732,1203.555054,1228.820557,1145.48877,1222.759521,3862.498047,5667.388672,21731.40039
01-01-2024,826.44104,983.2827148,618.355835,380.9727173,1095.916748,3549.363281,1460.57251,223.1644287,1370.048218,1226.724609,1229.601196,1150.18103,1227.370728,3874.37085,5713.04248,21741.90039
02-01-2024,826.9277344,966.4092407,616.5239258,372.1725464,1091.474121,3523.378906,1444.614258,219.4461975,1356.936523,1208.708984,1264.676758,1170.955444,1257.34375,3987.260742,5709.366699,21665.80078
03-01-2024,814.1765747,968.1802979,620.3805542,372.3421631,1096.81543,3438.209961,1402.812378,213.2257385,1327.573364,1176.649292,1267.018433,1171.963135,1275.592407,3987.854492,5731.174316,21517.34961
04-01-2024,822.9125977,971.2302856,619.7056274,371.8831787,1121.575195,3414.973145,1424.18396,211.5887756,1311.137207,1179.770508,1281.019531,1154.241089,1272.158569,3999.281738,5725.114258,21658.59961
05-01-2024,818.7027588,977.6746216,618.9343262,368.6903687,1135.103027,3481.189941,1442.872681,213.5531311,1323.002686,1180.526855,1268.57959,1152.947021,1262.592651,3972.172607,5717.215332,21710.80078
08-01-2024,809.5773926,966.163269,604.5203247,364.4000244,1120.17749,3425.68335,1433.693115,210.6299896,1336.945557,1162.227295,1273.555786,1138.267578,1247.728882,3892.427246,5645.430176,21513
09-01-2024,803.2747803,963.949585,602.9777222,364.5097656,1114.736328,3436.487061,1439.812866,210.8170471,1348.487549,1168.563721,1291.800903,1135.985718,1264.996338,3942.391602,5760.336426,21544.84961
10-01-2024,805.9271851,977.0350952,599.4585571,363.3424072,1105.201782,3458.046631,1430.962891,212.1500244,1377.758545,1173.528687,1292.630249,1143.374756,1304.093628,3861.26123,5763.564453,21618.69922
11-01-2024,802.5447998,975.1657715,597.9641724,363.7514648,1123.921265,3479.001709,1406.766724,209.6244354,1371.017822,1181.567261,1284.23938,1124.655151,1300.61084,3863.78418,5832.121094,21647.19922
12-01-2024,798.7485962,987.3165894,610.883667,365.8268127,1118.530029,3616.138916,1518.379761,217.6922913,1422.72644,1237.032959,1293.703491,1123.943848,1283.294067,3842.759521,5758.398926,21894.55078
15-01-2024,814.1278687,993.5641479,617.1506348,369.4685974,1117.681519,3635.696533,1555.427124,231.3258362,1466.494019,1265.025757,1297.020752,1142.594482,1288.346802,3868.137695,5858.450684,22097.44922
16-01-2024,817.2183838,992.7770996,614.0654297,368.7702026,1117.282104,3596.115723,1536.079712,226.8358917,1436.253784,1248.712402,1281.507324,1137.635376,1277.750732,3774.046143,5866.547852,22032.30078
17-01-2024,748.2792969,965.9173584,603.5561523,355.1308899,1080.541992,3617.81543,1544.223389,225.6198578,1455.136841,1254.717651,1267.408936,1116.258423,1269.558472,3689.254883,5887.760742,21571.94922
18-01-2024,723.2880249,970.4431152,605.7736816,354.6519775,1095.717285,3634.579346,1546.483032,225.7367859,1447.426636,1281.575928,1303.265137,1116.258423,1297.96167,3660.958252,5952.292969,21462.25
19-01-2024,715.7443848,983.0859375,605.2434692,352.067749,1114.736328,3697.834473,1562.111572,226.8592682,1458.9646,1314.439087,1303.11853,1119.864136,1302.86731,3654.626221,6055.423828,21622.40039
23-01-2024,694.6708374,1012.45459,583.4055176,356.0986938,1087.480591,3618.308105,1546.059326,219.7735748,1417.744019,1292.451294,1344.780151,1121.088989,1382.386353,3577.008301,6114.144043,21238.80078
24-01-2024,708.5657349,983.0859375,596.1322021,356.9168701,1057.429565,3602.881104,1577.363647,224.0621948,1466.827148,1331.508911,1348.487793,1166.075684,1390.578613,3604.90918,6173.36084,21453.94922
25-01-2024,698.3453979,993.6625977,590.781189,352.8858948,1040.557007,3573.340088,1571.432251,220.2891541,1442.494873,1250.272827,1335.02356,1156.868774,1343.779663,3540.944824,6129.146973,21352.59961
29-01-2024,707.9574585,1000.008606,600.6155396,363.7614441,1059.526123,3564.618408,1559.663818,221.6952667,1465.105957,1242.990845,1366.78186,1154.537476,1311.599121,3532.73291,6289.01123,21737.59961
30-01-2024,702.9202271,1000.500549,604.2792969,363.9011536,1052.387695,3564.196533,1554.815063,221.460907,1450.915894,1246.300781,1338.389771,1153.994019,1292.222168,3514.033203,6269.189941,21522.09961
31-01-2024,711.8022461,1011.569092,617.5363159,364.2303772,1066.015625,3578.638916,1563.712158,224.1090546,1466.455078,1261.243164,1383.953857,1209.353149,1325.481934,3631.672363,6312.0625,21725.69922
01-02-2024,713.6516113,1008.617432,624.4299927,363.7315063,1082.488647,3614.463135,1560.087646,220.9219055,1467.757935,1241.241211,1373.709229,1184.064209,1361.439575,3616.633301,6247.480957,21697.44922
02-02-2024,703.8205566,1007.485962,626.3582764,363.7714233,1065.316772,3719.638672,1594.263428,226.4525452,1473.666382,1265.451416,1382.19751,1193.221558,1366.345215,3660.166748,6279.870605,21853.80078
05-02-2024,703.1878662,1006.99408,619.8984985,360.8580017,1059.775635,3726.203125,1588.473145,226.0776062,1447.240601,1260.391968,1428.200928,1204.078003,1406.816162,3660.265625,6194.374512,21771.69922
06-02-2024,702.8228149,1009.84729,626.9367065,356.5975647,1048.344238,3878.785156,1628.250977,234.1860962,1510.886108,1277.698364,1439.226196,1218.332642,1398.525513,3686.979492,6157.413574,21929.40039
07-02-2024,695.9362183,1005.665894,651.0404663,357.7150574,1067.363281,3829.456055,1594.639893,232.1004028,1503.069946,1246.442749,1459.812988,1220.930786,1411.574463,3692.223389,6138.188477,21930.5
08-02-2024,682.8444824,973.3456421,674.4692383,345.1632996,1034.217285,3877.003174,1593.086426,229.1241455,1520.237549,1238.167847,1463.130371,1217.038696,1393.374756,3645.325928,6190.897461,21717.94922
09-02-2024,683.1121216,994.4005127,699.2478027,347.70755,1049.692139,3876.628174,1571.667603,229.8740845,1517.26001,1239.869995,1506.010742,1216.208862,1412.555542,3613.566406,6395.918945,21782.5
12-02-2024,676.4932251,980.0359497,682.5198975,341.1423645,1044.999756,3864.436768,1581.788696,235.0297852,1551.083252,1247.199341,1505.667114,1251.307129,1407.650024,3700.484619,6571.879395,21616.05078
13-02-2024,678.6588745,1003.353699,687.8709106,346.6499329,1069.010742,3891.445068,1585.978516,239.7870941,1549.827026,1256.325195,1513.271729,1251.672607,1430.215576,3661.205566,6675.656738,21743.25
14-02-2024,673.5974121,1006.20697,716.7471313,349.0046692,1095.068237,3845.117676,1568.701904,241.1463165,1555.316895,1222.705566,1491.880859,1236.459717,1398.42749,3680.201904,6710.630371,21840.05078
15-02-2024,688.197998,1000.254578,734.3909912,347.0690002,1070.458374,3848.025391,1578.258057,243.0211182,1546.989258,1229.750854,1481.577759,1235.333496,1395.484253,3669.516846,6584.944336,21910.75
16-02-2024,691.045105,1006.748108,727.6419067,346.270813,1067.013916,3871.563721,1602.077759,254.5042725,1551.548462,1231.831543,1481.626587,1248.076782,1413.487549,3689.650635,6558.068848,22040.69922
19-02-2024,689.682373,1026.91748,732.0288086,345.5025635,1061.223267,3848.587402,1600.28894,251.1999359,1558.806396,1238.877075,1501.398682,1267.833862,1442.577637,3683.96167,6614.303711,22122.25
20-02-2024,707.7871094,1031.836914,732.8483276,351.7085876,1086.831665,3779.986572,1586.637329,249.325119,1547.454346,1248.854248,1509.83728,1259.703735,1424.230835,3673.375244,6722.004883,22196.94922
21-02-2024,700.4137573,1034.985229,743.8395996,348.4359436,1082.438843,3743.271729,1558.675293,244.3803558,1522.563843,1226.204468,1514.449341,1254.399048,1419.963013,3610.400391,6722.700195,22055.05078
22-02-2024,690.8748169,1045.56189,738.4403687,344.1755371,1099.111694,3832.92627,1582.965576,248.9033051,1569.181396,1255.994263,1528.824585,1257.32312,1425.849731,3606.739502,6731.701172,22217.44922
23-02-2024,691.3858032,1044.184448,731.8359375,344.0258789,1095.018433,3800.103027,1578.728882,251.2936859,1549.966675,1250.462036,1531.964478,1272.773071,1438.702271,3609.411133,6736.523438,22212.69922
26-02-2024,692.2131348,1037.198975,731.6914063,340.4938049,1083.437134,3752.227539,1563.006104,249.7704163,1535.125488,1227.765015,1527.745117,1272.49646,1442.087036,3539.411133,6547.526367,22122.05078
27-02-2024,691.1668091,1043.102051,722.9658203,340.5836182,1077.297241,3849.149902,1566.25415,249.0907745,1543.5,1225.684448,1553.061157,1274.244995,1459.354492,3502.259277,6583.92334,22198.34961
28-02-2024,685.9348755,1029.327881,715.8793335,335.9639893,1072.455078,3862.795898,1573.456665,242.6461639,1537.079468,1216.038208,1544.328125,1269.987305,1449.101929,3481.037109,6327.104492,21951.15039
29-02-2024,683.0147705,1035.231201,721.2785645,337.1313782,1073.353516,3840.428467,1575.951538,243.0679626,1548.198853,1204.689819,1548.351196,1269.23645,1452.388672,3451.800293,6067.798828,21982.80078
01-03-2024,696.3256226,1069.371582,741.5738525,344.7642212,1097.464478,3839.725342,1557.874878,243.3023224,1529.821533,1202.751099,1530.001953,1223.657104,1443.117188,3445.468018,6051.687988,22338.75
04-03-2024,697.2746582,1074.733643,744.369873,344.6644287,1104.952148,3826.924072,1541.398926,243.9585266,1524.098999,1210.553223,1522.986084,1251.623169,1443.705811,3445.369385,5999.876953,22405.59961
05-03-2024,701.2410889,1070.503052,755.8432617,342.3695984,1099.011963,3762.590576,1512.495361,240.5838623,1506.79187,1203.412964,1544.671509,1245.340454,1445.618896,3447.496338,6027.522949,22356.30078
06-03-2024,702.0928345,1079.407104,755.7950439,351.1598206,1123.172607,3811.544189,1522.898926,240.5135803,1529.914551,1201.994507,1573.912598,1247.582886,1457.196167,3507.057861,6020.760742,22474.05078
07-03-2024,703.7962646,1070.404663,759.7962646,348.8250427,1109.644531,3853.089111,1521.863159,241.6150208,1523.820068,1218.213379,1575.580688,1249.459717,1455.135864,3563.404053,6015.291016,22493.55078
11-03-2024,694.8898926,1061.303833,745.9607544,345.1533203,1103.304932,3865.984375,1506.940552,241.1697388,1524.750366,1219.017212,1563.707764,1261.965942,1475.690186,3566.520752,6170.327637,22332.65039
12-03-2024,710.3421631,1059.483643,732.4627075,343.2975159,1095.218018,3931.537109,1518.567871,239.4355621,1521.912476,1222.137939,1554.582153,1245.113281,1438.064453,3539.806885,6110.758301,22335.69922
13-03-2024,710.7558594,1066.469116,720.4590454,345.1333923,1078.64502,3890.976563,1517.108643,236.4124298,1518.097412,1207.85791,1529.364136,1245.439209,1443.460571,3442.895752,5975.114746,21997.69922
14-03-2024,708.3466797,1066.124756,714.4813232,347.6976318,1056.531006,3945.932861,1556.557007,242.7633362,1562.528564,1223.130981,1540.746582,1243.621704,1468.380859,3480.591553,5989.782715,22146.65039
15-03-2024,706.9840698,1062.927124,705.6594238,346.8794556,1044.700195,3956.857666,1538.38623,242.3180695,1532.799316,1212.586304,1519.15918,1241.705078,1459.943237,3448.436279,5950.055176,22023.34961
18-03-2024,703.7719116,1063.763428,704.7434692,346.7996216,1059.625854,3894.258789,1508.870728,239.1309204,1529.170288,1203.555054,1541.776855,1252.798706,1460.335693,3469.411621,6102.554688,22055.69922
19-03-2024,705.3779907,1066.469116,697.8497925,349.1443481,1049.09314,3729.954834,1470.081421,231.9363708,1487.996094,1184.262451,1519.404541,1212.069702,1408.582031,3410.592041,6079.334961,21817.44922
20-03-2024,696.4716797,1067.010254,709.8534546,352.287262,1033.069092,3723.952148,1463.961792,231.3036041,1476.783569,1195.658203,1520.287598,1205.826538,1390.627686,3391.942139,6139.847168,21839.09961
21-03-2024,703.6258545,1064.353882,717.6147461,353.6342163,1033.917725,3725.875488,1463.72644,234.5610809,1484.878784,1213.106445,1535.84021,1210.746094,1421.336426,3428.549561,6148.250488,22011.94922
22-03-2024,702.2144775,1072.716797,719.928772,354.4823303,1031.621582,3667.683838,1420.559448,228.3039246,1449.566528,1194.0979,1578.720703,1225.563721,1453.271729,3395.05835,6340.579102,22096.75
26-03-2024,693.7218628,1066.223145,713.5171509,349.9525146,1038.859741,3636.361084,1405.307495,224.9058533,1453.660889,1186.248413,1568.123291,1212.059937,1444.44165,3355.037354,6287.425293,22004.69922
27-03-2024,701.1680908,1066.272461,707.0091553,354.3226929,1051.139771,3602.037109,1397.022217,221.367157,1438.72644,1185.728271,1574.059814,1194.130371,1435.709839,3332.133057,6196.929688,22123.65039
28-03-2024,704.6723022,1075.668457,725.3761597,356.2982483,1045.498779,3635.235596,1410.391357,225.0230255,1436.26062,1180.337646,1590.1521,1216.61377,1468.675171,3408.761719,6321.584961,22326.90039
01-04-2024,715.6713867,1081.916016,731.112854,357.3359375,1051.389282,3673.170166,1407.943481,227.2962189,1448.496582,1176.980469,1598.688843,1234.87915,1470.343018,3530.11084,6421.478027,22462
02-04-2024,720.3679199,1063.763428,738.9224854,350.6908569,1045.498779,3642.269531,1396.080811,225.5386047,1422.070679,1169.651367,1591.820313,1232.35022,1461.2677,3584.082275,6384.186035,22453.30078
03-04-2024,721.4143066,1059.828003,743.4057007,345.4526672,1061.522827,3701.820313,1394.009521,226.4759979,1429.095825,1187.005127,1589.465332,1209.995239,1443.705811,3645.820557,6339.733398,22434.65039
04-04-2024,743.4611206,1061.451416,732.0770264,349.0445557,1061.223267,3754.337891,1399.705444,228.4445343,1432.631714,1209.796509,1588.974609,1213.571289,1431.981689,3694.597656,6404.92041,22514.65039
05-04-2024,754.1439209,1065.928101,737.331604,356.2283936,1057.379517,3731.783203,1392.550293,227.3430939,1437.842529,1194.807007,1578.818848,1220.841797,1422.023315,3708.399658,6362.308105,22513.69922
08-04-2024,752.7081909,1069.617554,740.7543335,356.8769226,1074.302124,3725.5,1390.290527,224.9292755,1433.004028,1196.461914,1569.693237,1219.903442,1434.826782,3755.742432,6272.806641,22666.30078
09-04-2024,753.6572266,1089.196777,736.8013916,355.3204346,1078.245605,3701.116699,1407.378662,223.0075989,1433.422607,1183.458496,1572.489746,1218.589478,1422.906372,3764.597412,6469.013184,22642.75
10-04-2024,747.7196655,1091.508789,751.1188965,364.3700867,1086.033081,3736.847168,1418.629395,223.7106628,1432.166504,1197.549683,1573.961792,1216.61377,1396.072876,3699.445801,6453.897949,22753.80078
12-04-2024,739.2512817,1086.589478,738.8259888,361.7958374,1071.706299,3752.55542,1397.869507,220.6406708,1415.743164,1174.663452,1511.113037,1201.983887,1370.41687,3739.61499,6371.05957,22519.40039
15-04-2024,727.4490967,1060.959473,730.3415527,358.8225708,1056.231445,3696.099121,1382.240967,215.2974854,1400.436646,1152.581177,1511.162231,1187.561279,1355.307739,3677.13501,6268.231934,22272.5
16-04-2024,734.5304565,1049.841675,724.7495117,357.7150574,1050.191406,3631.953613,1331.683228,210.1417999,1374.615723,1130.877319,1508.708984,1195.365234,1349.224731,3724.279541,6299.656738,22147.90039
18-04-2024,727.4490967,1038.428711,718.0968628,356.547699,1022.336609,3621.824951,1336.202271,208.2669983,1364.891846,1115.604004,1487.955933,1176.951904,1321.851807,3669.565918,6040.500488,21995.84961
19-04-2024,745.2619019,1050.038452,723.5443115,357.7250366,1027.428345,3588.251465,1328.67041,212.204071,1346.886963,1128.844116,1494.23584,1174.126465,1320.331055,3632.760742,6135.37207,22147
22-04-2024,735.9661255,1069.12561,738.6331787,361.1772766,1052.237915,3624.263184,1348.912476,216.5395508,1364.007935,1142.46228,1511.211182,1188.598511,1329.259155,3697.862793,6203.989746,22336.40039
23-04-2024,733.727417,1072.667603,745.2858276,361.7958374,1054.035034,3633.735352,1357.997803,216.5864258,1383.315674,1135.085449,1456.80127,1175.953979,1321.263062,3728.682373,6160.582031,22368
24-04-2024,735.7227783,1079.062744,745.3822021,367.7325134,1061.522827,3592.800049,1347.029541,215.5552673,1376.429932,1121.325562,1457.880615,1175.697266,1371.790283,3773.353516,6248.541992,22402.40039
25-04-2024,735.260498,1095.788574,783.5625,327.7524719,1125.169312,3612.634521,1354.278687,216.0708466,1399.599365,1125.675781,1491.635498,1228.635864,1379.63916,3803.0354,6348.733398,22570.34961
26-04-2024,734.7981567,1090.032959,772.571167,320.9777222,1128.463989,3583.703369,1346.558594,217.7581787,1371.405396,1209.32373,1478.290527,1235.224976,1382.533569,3973.755615,6223.929199,22419.94922
29-04-2024,744.3858643,1141.440308,796.8676758,327.3433838,1157.366943,3629.515381,1350.79541,216.9848175,1290.964233,1218.355347,1493.058228,1244.115601,1381.405273,3946.942871,5935.286621,22643.40039
30-04-2024,739.8109741,1131.847534,796.6266479,324.0608215,1164.006226,3583.046387,1337.426392,216.7270203,1271.610107,1194.901733,1473.92395,1225.781128,1373.556396,3959.953369,5914.154785,22604.84961
02-05-2024,745.7242432,1121.074097,800.2904053,314.4224854,1147.982178,3623.044189,1331.683228,214.3835297,1266.120117,1198.117065,1490.50708,1242.218872,1393.227661,3922.60376,5925.541016,22648.19922
03-05-2024,739.567627,1123.632202,801.6402588,308.6454773,1139.645752,3604.381836,1333.425171,214.3600769,1254.349365,1182.560181,1482.804321,1254.478149,1397.838867,3909.049072,5976.308105,22475.84961
06-05-2024,741.052063,1127.813721,778.8381348,324.1306152,1141.792236,3677.202637,1342.463257,214.9694061,1264.352295,1193.719482,1500.466675,1243.394409,1396.514404,3920.971191,6023.147461,22442.69922
07-05-2024,733.0217285,1113.645874,773.1497192,328.0418396,1125.868164,3731.501953,1356.63269,217.430069,1255.063843,1222.279907,1486.925415,1236.311646,1360.998047,3869.918213,5867.563965,22302.5
08-05-2024,721.5845947,1104.889404,781.7305908,328.9298401,1126.81665,3729.626221,1343.781494,217.1019897,1238.750244,1217.125732,1493.205444,1196.550659,1358.59436,3885.699463,5814.111816,22302.5
09-05-2024,704.4776001,1097.707153,790.4078979,327.8821716,1113.837769,3713.917969,1355.314575,213.6804657,1244.7854,1200.19751,1466.613647,1161.185669,1333.134644,3749.756348,5774.233887,21957.5
10-05-2024,709.3616333,1099.0354,788.0457153,324.8589783,1118.280518,3651.740967,1341.521729,211.7822418,1241.155029,1195.752808,1478.290527,1169.80957,1314.248169,3753.268799,5810.084473,22055.19922
13-05-2024,717.9208984,1109.808838,779.8023071,327.5030212,1130.161255,3702.289307,1340.156616,211.8291168,1238.042847,1193.530396,1496.443604,1167.349731,1387.929688,3870.017334,5797.852539,22104.05078
14-05-2024,720.7328491,1102.479004,788.8652954,328.520752,1121.026123,3658.586914,1341.333496,213.8914032,1245.728394,1206.250122,1516.264526,1159.496582,1331.711914,3854.879883,5830.321289,22217.84961
15-05-2024,709.6575317,1106.217651,790.8900146,329.4187317,1126.217651,3639.080566,1336.861328,214.8053589,1256.90271,1205.304443,1498.74939,1160.721436,1380.129761,3851.268311,5816.398926,22200.55078
16-05-2024,720.3875122,1112.80957,782.8394165,333.6592102,1137.449463,3684.942139,1368.307007,217.6878662,1271.283203,1236.938232,1507.482544,1155.861084,1394.257813,3889.458984,5898.839844,22403.84961
17-05-2024,722.2868652,1112.268433,788.527832,338.5481873,1139.495972,3621.794189,1359.786743,216.0708466,1257.185547,1234.526733,1502.674316,1145.814819,1372.62439,3869.275391,5920.071289,22466.09961
21-05-2024,719.6722412,1102.872437,800.8689575,338.8874207,1135.802002,3608.663574,1350.230591,216.0239716,1265.389648,1252.022339,1512.045288,1141.91272,1415.057495,3973.953369,5915.297852,22529.05078
22-05-2024,719.8695679,1093.181274,802.6334839,339.1468506,1124.171021,3619.810303,1369.672241,216.211441,1266.473877,1258.169434,1510.42627,1160.276978,1454.30188,4015.507813,5835.641113,22597.80078
23-05-2024,736.3468018,1116.203979,815.7206421,341.042572,1163.357178,3677.857666,1386.24231,218.3206024,1276.375488,1264.884033,1467.055298,1165.206299,1461.022461,4069.380371,5936.977539,22967.65039
24-05-2024,748.4827271,1113.694946,812.2895508,339.9251099,1172.092896,3636.341064,1379.369507,217.3128967,1268.501343,1249.989136,1458.812744,1158.893921,1458.373413,4078.68042,5881.585938,22957.09961
27-05-2024,753.6627808,1111.579834,817.2891846,341.4317322,1185.071777,3634.0271,1385.253662,212.0634613,1276.139648,1257.507324,1438.550293,1160.266968,1450.720825,4210.121582,5906.397461,22932.44922
28-05-2024,755.0441284,1108.775635,814.7894287,339.9649963,1181.477661,3627.272705,1381.205444,213.7507629,1280.94873,1243.700073,1437.421875,1178.562012,1451.505615,4345.520508,5871.791016,22888.15039
29-05-2024,744.0921631,1084.228149,806.4567261,336.8121033,1157.866089,3593.029785,1366.047485,211.2901001,1275.95105,1216.605591,1451.20813,1185.565796,1465.339478,4400.827637,5870.746582,22704.69922
30-05-2024,747.3234253,1095.73938,809.593689,337.2610474,1166.052734,3529.220947,1343.922485,204.7985992,1255.912598,1173.481323,1431.730713,1160.474487,1438.898315,4366.000977,5734.505859,22488.65039
31-05-2024,755.5620728,1102.970947,814.005127,335.3254395,1160.262207,3467.677979,1351.076904,205.384491,1248.604492,1161.754517,1432.417603,1144.293457,1419.864746,4261.520996,5806.852539,22530.69922
03-06-2024,775.6160278,1141.292725,887.822937,342.838501,1221.911865,3497.811768,1350.116699,208.149826,1239.504639,1177.736938,1425.794067,1142.604248,1424.91748,4276.064941,5818.785645,23263.90039
04-06-2024,731.6848145,1054.170776,759.9407349,326.8544922,1129.412354,3509.289063,1338.352661,205.3610535,1229.226196,1172.015503,1403.029297,1132.231934,1434.924927,4278.291504,5813.316406,21884.5
05-06-2024,765.552063,1090.770874,774.2042847,342.8485107,1182.575928,3538.997559,1373.356323,211.6181946,1267.086914,1198.117065,1459.401733,1150.674927,1468.675171,4454.947754,5901.773438,22620.34961
06-06-2024,769.4493408,1092.492554,800.8688965,346.1610718,1169.047852,3618.298828,1413.833984,216.0708466,1317.819336,1245.922485,1445.075439,1163.872559,1449.101929,4401.718262,5928.972168,22821.40039
07-06-2024,776.1833496,1103.610352,813.6130371,349.9525146,1184.872314,3678.329834,1472.749756,227.1087341,1349.880981,1302.806885,1478.584717,1197.528687,1468.969482,4476.070801,5981.230957,23290.15039
10-06-2024,770.2387085,1105.676514,815.4265747,348.3461304,1198.050659,3645.031738,1440.24292,222.7498322,1337.857788,1267.579224,1484.717651,1206.389526,1505.27063,4488.14209,6023.147461,23259.19922
11-06-2024,771.9653931,1100.166748,819.1027832,343.2276611,1192.659424,3638.796875,1436.401489,223.1247864,1347.334961,1276.185181,1471.618164,1193.172241,1501.346191,4427.986816,6074.113281,23264.84961
12-06-2024,776.5780029,1101.495117,822.5828857,342.3795776,1185.970459,3619.479492,1426.270142,223.5231934,1356.717407,1296.18689,1478.584717,1197.281616,1511.843994,4405.131348,6134.427734,23322.94922
13-06-2024,779.8340454,1089.491821,827.2884521,344.494812,1172.741943,3663.404541,1434.672974,226.1947784,1361.809692,1313.540527,1482.460815,1204.354736,1515.376099,4544.784668,6171.819336,23398.90039
14-06-2024,787.8012695,1087.819214,822.6809082,342.6689148,1179.131592,3619.857422,1429.823364,223.8043976,1349.456543,1296.990723,1487.56311,1202.260498,1535.194458,4539.937012,6173.211426,23465.59961
18-06-2024,793.1786499,1104.741821,828.2687378,343.1079407,1189.963867,3603.846191,1438.754272,230.5302582,1355.255737,1296.896118,1492.420288,1183.688965,1545.05481,4516.091797,6201.802246,23557.90039
19-06-2024,817.869873,1125.993408,835.8171387,348.5556641,1224.657471,3591.187744,1451.382568,232.3581848,1363.41272,1306.164185,1475.78833,1176.764038,1530.338135,4432.191895,6139.349609,23516
20-06-2024,823.5431519,1138.144409,827.1413574,352.4569092,1237.486572,3577.53833,1455.271851,229.8506317,1361.149292,1317.465332,1443.407349,1179.648682,1515.67041,4456.283203,6141.637207,23567
21-06-2024,821.7671509,1139.9646,819.8380127,354.3326721,1235.439941,3599.736816,1471.885498,229.9209442,1365.298462,1323.801758,1439.727661,1187.67981,1512.432739,4474.191406,6135.819824,23501.09961
24-06-2024,825.0478516,1151.229858,816.3088989,353.7140808,1226.105103,3605.452148,1466.555664,229.9209442,1358.697754,1325.598389,1466.466553,1196.274048,1475.984497,4471.618652,6224.873535,23537.84961
25-06-2024,844.2631226,1178.630737,825.6708984,355.579895,1269.384644,3625.902832,1480.768311,232.8737488,1365.3927,1350.234009,1476.96582,1200.907104,1471.373169,4491.15918,6260.475098,23721.30078
26-06-2024,839.4038086,1198.357422,828.7098389,358.8225708,1283.312012,3642.339844,1479.567993,232.1004028,1361.385254,1336.332153,1492.616699,1199.257446,1451.162231,4497.145508,6102.803711,23868.80078
27-06-2024,836.7644653,1200.226807,827.3864136,365.2879944,1286.856201,3716.303711,1510.922485,239.4121246,1371.946655,1354.489868,1487.808594,1232.024292,1452.928345,4474.389648,6158.195313,24044.5
28-06-2024,830.671814,1180.254028,832.2390137,359.6906128,1263.194702,3687.964844,1504.584473,241.3103485,1376.37854,1352.692993,1492.322266,1264.90979,1452.8302,4547.703613,6151.433594,24010.59961
01-07-2024,841.229126,1192.306519,825.3768311,360.8081055,1259.85022,3757.914307,1527.680176,247.1690979,1385.101318,1392.17627,1491.586182,1255.297974,1451.162231,4553.293457,6106.483398,24141.94922
02-07-2024,853.7597046,1171.399292,809.8878174,353.1253967,1251.364014,3794.943848,1556.72998,252.2545319,1396.369873,1392.223511,1495.46228,1258.567749,1460.53186,4522.96875,6063.820801,24123.84961
03-07-2024,872.5310669,1182.221802,823.4161987,361.3269348,1277.920776,3745.681885,1562.828003,252.6294708,1396.55835,1399.458374,1505.176514,1269.5625,1455.724487,4510.798828,6158.394043,24286.5
04-07-2024,852.0578003,1213.115479,822.7789307,365.9465027,1278.819336,3798.297363,1585.155396,248.7392578,1435.550903,1379.929321,1528.677368,1280.122559,1452.781128,4495.858887,6190.564453,24302.15039
05-07-2024,813.0598755,1213.509033,842.826416,369.7080688,1284.959351,3789.654297,1582.082397,250.8015289,1432.769165,1382.009888,1538.980347,1288.153809,1481.380493,4580.601074,6293.491211,24323.84961
08-07-2024,806.7698975,1215.132446,839.3953247,369.8078613,1285.757935,3772.084229,1595.718994,253.660614,1445.970947,1387.920532,1527.205322,1290.949341,1458.96228,4416.855957,6282.453125,24320.55078
09-07-2024,807.3372192,1228.119507,844.3458862,368.7402649,1287.30542,3764.810059,1591.397461,253.566864,1443.802002,1386.171021,1555.661499,1300.571045,1483.48999,4503.675781,6285.287109,24433.19922
10-07-2024,802.206604,1223.151001,832.2880249,365.1483459,1289.55188,3692.687988,1582.850708,251.0124512,1423.857788,1383.901245,1568.564941,1302.487427,1484.618164,4587.773926,6340.380371,24324.44922
11-07-2024,800.1345825,1218.477539,839.8364868,368.0717468,1294.643555,3706.432617,1587.124146,250.3328247,1425.696899,1381.300659,1552.079834,1302.922119,1477.554199,4533.901367,6353.65625,24315.94922
12-07-2024,800.5292358,1213.01709,842.7774048,365.7469788,1316.175171,3952.271729,1643.831055,262.542511,1471.242676,1423.337402,1552.62146,1327.559082,1483.48999,4491.15918,6318.700684,24502.15039
15-07-2024,800.2332764,1210.114624,864.0012207,367.8821716,1306.333496,3938.338379,1639.317505,262.3315735,1480.106812,1417.663208,1561.381958,1342.436035,1488.542603,4526.876465,6401.589355,24586.69922
16-07-2024,799.0739746,1219.904175,863.3640137,360.2493591,1302.886475,3947.076416,1657.563721,262.3315735,1480.059814,1433.881958,1554.59021,1320.833008,1481.871094,4522.325195,6417.94873,24613
18-07-2024,796.631958,1230.136475,875.9610596,364.5297241,1308.281982,4076.584229,1688.294067,268.6589966,1503.634277,1455.775146,1569.306152,1325.096069,1478.192017,4536.176758,6484.726563,24800.84961
19-07-2024,792.9320068,1228.513184,871.84375,363.9004517,1291.24646,4073.601318,1721.809204,261.1598206,1503.634277,1436.558838,1544.106812,1318.835693,1457.441406,4471.865723,6346.595215,24530.90039
22-07-2024,810.3218994,1221.134033,859.5407715,351.1051941,1281.404907,4059.352295,1738.999023,237.0686188,1487.179077,1440.556152,1562.51416,1345.645752,1461.856323,4486.707031,6366.683594,24509.25
23-07-2024,798.407959,1206.966309,846.8947144,353.3725891,1262.171265,4073.55542,1764.015381,234.6079559,1518.773682,1438.485107,1576.54126,1364.347168,1469.607178,4478.989746,6368.125977,24479.05078
24-07-2024,791.3286743,1203.276733,835.2289429,348.8377991,1238.191772,4077.247314,1761.182373,234.3970184,1504.853027,1476.918091,1594.111938,1355.433716,1475.10144,4503.329102,6387.02002,24413.5
25-07-2024,797.5199585,1178.581543,831.7978516,354.6211243,1174.895874,4092.633545,1752.443604,237.5607452,1508.559082,1473.739258,1639.736816,1362.001953,1471.716675,4498.777832,6350.423828,24406.09961
26-07-2024,798.2846069,1187.731445,845.4732666,362.3522034,1176.344604,4154.508301,1804.348877,245.9739227,1553.931641,1484.479248,1687.428711,1367.059937,1545.250977,4739.794434,6627.629395,24834.84961
29-07-2024,791.8220215,1193.1427,854.4431152,358.3668213,1169.050903,4148.117188,1796.858398,245.7864532,1551.081177,1469.260376,1696.287842,1359.38855,1524.598389,4871.631348,6644.635254,24836.09961
30-07-2024,797.0019531,1189.94519,855.6195068,356.8086243,1169.000977,4133.205078,1802.668335,244.4272156,1549.085693,1481.493286,1674.976563,1352.253784,1500.021729,4860.25293,6604.210449,24857.30078
31-07-2024,797.1005859,1195.307495,855.227417,361.1635742,1165.104248,4152.141113,1794.12146,244.6615601,1560.820679,1497.242065,1692.448853,1341.591431,1515.130859,4870.988281,6578.652832,24951.15039
01-08-2024,808.4719238,1190.584717,845.6693726,358.1170959,1171.299072,4163.265625,1779.092529,244.4506378,1558.872803,1487.657959,1688.363647,1368.908203,1516.994873,4865.744141,6669.248047,25010.90039
02-08-2024,818.5111694,1177.253418,831.1606445,360.2746277,1159.858765,4055.28125,1748.938232,235.3578644,1529.178589,1452.259277,1704.556396,1384.052124,1512.641479,4968.625977,6672.978027,24717.69922
05-08-2024,797.1005859,1153.689453,795.6732788,354.3215027,1132.532104,3934.087891,1682.388062,227.3196564,1484.613525,1402.797485,1693.433105,1353.823853,1499.036743,4805.070801,6650.552246,24055.59961
06-08-2024,789.9226074,1148.032227,781.9978638,353.702179,1125.138428,3949.379395,1681.619873,229.4288025,1503.950439,1428.852905,1680.833496,1352.899658,1515.708618,4805.66748,6620.817871,23992.55078
07-08-2024,800.9238892,1153.541992,792.7322998,354.9008179,1135.829346,3977.07373,1720.560913,233.131546,1515.210449,1419.461426,1707.312622,1376.539795,1537.129883,4924.078613,6683.120605,24297.5
08-08-2024,810.395874,1145.818604,792.144104,354.1416931,1137.178223,3950.656982,1673.985229,228.3976593,1480.289917,1412.526123,1709.871948,1378.914795,1553.356445,4812.586426,6505.65918,24117
09-08-2024,814.0958252,1152.705566,808.0742188,353.5223999,1141.77417,4003.868164,1700.48999,230.2724457,1510.79187,1451.296021,1708.149292,1393.859863,1558.105713,4808.057129,6551.35498,24367.5
12-08-2024,818.9798584,1163.819946,796.6044922,354.1017456,1163.305908,3972.528809,1726.082642,229.2178802,1506.32605,1456.882813,1706.721924,1368.630005,1569.484253,4868.830078,6466.378418,24347
13-08-2024,790.9092407,1159.403931,781.850769,350.0064697,1158.609741,3973.759766,1726.130615,229.8975067,1513.357666,1448.117432,1712.874146,1380.921997,1566.713745,4839.762695,6552.895996,24139
14-08-2024,793.1786499,1152.755249,787.1934814,349.1773987,1152.115356,4066.832275,1750.907104,232.0769653,1545.189697,1468.345215,1714.399902,1351.637695,1547.271484,4640.868164,6479.753418,24143.75
16-08-2024,805.166626,1178.15918,796.1143188,355.0506287,1165.853638,4181.208008,1785.19043,241.9665527,1585.193604,1527.005981,1715.482788,1350.157104,1559.441406,4612.895508,6660.077148,24541.15039
19-08-2024,804.8952637,1166.896118,797.6828613,355.8597107,1152.265259,4251.225586,1790.808472,243.6069794,1594.933472,1536.012085,1720.453857,1373.558716,1558.847778,4648.732422,6697.924805,24572.65039
20-08-2024,807.9292603,1170.418945,804.1529541,360.7141113,1167.002686,4282.754395,1797.914673,245.9036255,1602.772827,1568.713623,1738.713379,1384.290527,1546.331543,4701.741211,6646.133789,24698.84961
21-08-2024,802.0586548,1165.854126,799.49646,362.1724243,1173.397217,4309.455078,1798.394775,246.7003937,1593.745728,1545.644409,1737.040039,1403.588257,1577.745972,4878.585449,6725.364746,24770.19922
22-08-2024,804.7719727,1181.979736,804.1529541,363.8804626,1168.950928,4262.587402,1805.645386,243.2554626,1592.700439,1552.001587,1723.259033,1385.026001,1569.039063,4889.187988,6803.150879,24811.5
23-08-2024,801.6885986,1194.28479,799.300354,363.1812744,1164.954346,4226.513672,1788.215454,240.1620483,1578.7323,1539.624023,1747.966431,1382.134277,1557.907959,4833.939453,6833.180664,24823.15039
26-08-2024,809.0392456,1204.009766,799.0062866,362.08255,1169.300781,4263.01416,1801.708008,243.7241669,1633.844604,1579.838989,1744.717896,1379.908447,1577.102783,4903.92041,6752.803711,25010.59961
27-08-2024,807.9539185,1216.959839,799.8395996,360.2546692,1180.241333,4257.995605,1824.707764,242.388382,1626.38562,1564.860718,1761.402832,1383.813599,1581.159546,4880.27832,6754.248047,25017.75
28-08-2024,807.6332397,1214.479004,793.4675293,357.8474426,1169.950073,4266.421387,1862.160278,250.5671997,1633.844604,1567.509521,1783.501587,1391.037842,1601.096436,5007.897461,6749.269043,25052.34961
29-08-2024,808.3485718,1212.543945,798.4671021,355.0406799,1174.396362,4271.866211,1856.638428,252.4888611,1664.631592,1586.774048,1771.049316,1377.493652,1601.442871,4989.829102,6829.694336,25151.94922
30-08-2024,807.5346069,1219.787964,799.5454712,355.7498474,1174.24646,4311.585449,1866.577759,252.3482666,1665.961914,1576.32312,1793.148193,1397.407471,1637.408691,5070.810547,6899.712402,25235.90039
02-09-2024,802.6258545,1220.532227,805.9665527,355.6399536,1187.784912,4280.623535,1886.55249,249.559494,1716.703491,1586.099976,1787.537354,1365.768188,1629.24585,5014.019531,6852.452148,25278.69922
03-09-2024,807.7565918,1238.146362,808.5643921,356.3491516,1190.58252,4272.387207,1864.225098,251.2468262,1701.309692,1583.643677,1783.157104,1362.131226,1635.726563,5043.037109,6817.394043,25279.84961
04-09-2024,809.9519043,1226.883301,800.4277344,356.3491516,1176.694336,4241.047363,1846.170898,243.3257751,1696.368774,1584.799561,1804.173096,1348.885132,1634.440308,5073.498535,6903.098145,25198.69922
05-09-2024,811.7525024,1226.486328,802.6334839,355.180481,1179.541992,4237.922852,1856.446411,245.997345,1701.404907,1579.212891,1797.922363,1330.710449,1610.545532,5097.687988,6906.484863,25145.09961
06-09-2024,807.5592041,1198.89917,767.0970459,352.423645,1157.760498,4219.744141,1826.388306,244.0053711,1668.6698,1563.560303,1796.00293,1325.026489,1594.022095,5114.51123,6879.095215,24852.15039
09-09-2024,812.2705688,1225.543579,768.812561,357.6176758,1169.85022,4212.92627,1819.473999,241.3103485,1659.7854,1521.130249,1793.345215,1322.790771,1603.025879,5150.049805,6833.180664,24936.40039
10-09-2024,814.1698608,1227.82605,767.2440796,357.9073486,1186.186157,4268.126953,1836.423706,246.4191895,1690.525024,1548.293213,1807.618164,1321.69751,1614.75061,5401.853516,6893.786133,25041.09961
11-09-2024,810.987915,1226.883301,753.4706421,357.4378967,1185.087158,4241.14209,1834.359009,241.076004,1690.192505,1543.669678,1816.821899,1314.165405,1611.13916,5414.64502,6872.571777,24918.44922
12-09-2024,822.1865234,1242.562378,772.2436523,365.0690918,1202.322388,4277.452637,1873.059937,248.4346008,1717.605957,1582.824951,1836.213745,1328.345459,1639.733765,5457.947754,7033.473633,25388.90039
13-09-2024,821.8658447,1240.776001,775.2826538,363.6507263,1216.4104,4282.092773,1866.961914,258.0664063,1722.547119,1595.154297,1824.745972,1323.744629,1642.157837,5473.726074,6990.994629,25356.5
16-09-2024,824.3324585,1253.180298,770.0869751,365.8382263,1229.998901,4273.23877,1872.86792,258.6757202,1721.644409,1588.363525,1833.802002,1321.041748,1641.861084,5454.513672,7003.145996,25383.75
17-09-2024,823.2718506,1258.390137,767.4891968,368.9046631,1231.047852,4266.042969,1875.07666,258.6757202,1723.449829,1590.819702,1836.90271,1317.971191,1654.130005,5427.486816,6979.939453,25418.55078
18-09-2024,836.0984497,1278.485107,777.1452637,367.5162659,1239.390747,4115.025391,1817.07312,252.2310944,1669.050049,1546.366821,1807.273682,1305.281738,1634.143433,5444.359375,7007.677246,25377.55078
19-09-2024,842.8571167,1282.107178,774.4003906,373.9588623,1241.638794,4067.683838,1819.04187,249.981308,1650.045776,1536.686279,1817.166504,1292.313965,1620.390381,5404.59082,7002.050293,25415.80078
20-09-2024,858.9890137,1328.201416,766.3128052,380.4613342,1243.93689,4057.032715,1830.133667,252.6763458,1672.42334,1562.404541,1836.558228,1301.972656,1621.330444,5426.042969,7054.239746,25790.94922
23-09-2024,868.1651001,1311.778198,786.0661011,386.4943848,1245.735352,4041.504883,1821.202515,250.7078247,1665.534302,1548.052368,1833.555908,1322.502563,1640.624268,5348.496094,7124.108398,25939.05078
24-09-2024,872.2350464,1308.503418,782.5369873,382.4989929,1238.491577,4044.155518,1823.267212,252.8872375,1687.199097,1576.901001,1838.871338,1321.687622,1620.242065,5351.432617,7093.431641,25940.40039
25-09-2024,877.6862793,1313.713257,777.4883423,379.1528625,1267.01709,4047.422363,1820.098267,251.3171234,1693.660522,1543.814209,1841.283203,1329.855957,1625.832275,5369.848633,7104.835938,26004.15039
26-09-2024,879.8323364,1318.873535,786.0661011,380.0218506,1276.009521,4064.228516,1824.851929,253.9887238,1695.03833,1547.859741,1868.697388,1340.37915,1604.658569,5354.916992,7139.098633,26216.05078
27-09-2024,864.6376953,1296.595337,786.8504028,374.0587158,1272.062866,4079.567383,1831.093872,253.9418335,1718.366333,1550.075195,1918.210327,1341.472168,1654.822632,5433.160645,7204.98291,26178.94922
30-09-2024,854.4750977,1263.252686,772.3907471,370.3630066,1231.147827,4041.504883,1801.179932,253.7778015,1706.678345,1519.203613,1896.554565,1341.809937,1636.617065,5418.676758,7170.272949,25810.84961
01-10-2024,851.5890503,1264.641968,781.2625732,375.4471436,1225.602539,4059.873535,1828.789063,256.2619019,1726.062744,1565.631226,1889.910156,1341.31311,1647.253418,5399.214844,7124.65625,25796.90039
03-10-2024,829.7838135,1246.730103,778.468689,364.1401672,1174.696045,4007.655762,1818.27356,248.4814758,1690.002197,1545.066284,1880.952515,1338.640137,1639.04126,5405.685547,6878.248535,25250.09961
04-10-2024,817.7712402,1230.257202,780.9685059,361.3833313,1177.393799,4026.119141,1842.041504,250.075058,1688.149292,1557.010376,1880.165161,1318.289185,1606.1427,5400.957031,6746.429688,25014.59961
07-10-2024,798.1119385,1224.452026,755.4802856,357.6376648,1144.72168,4045.624023,1857.550781,249.0907745,1688.481934,1559.033203,1875.440186,1313.648682,1607.478394,5379.853516,6745.981445,24795.75
08-10-2024,814.5152588,1227.131348,766.067688,360.2646179,1152.315308,4027.065674,1871.235352,246.9816589,1700.359619,1569.19519,1887.154053,1322.820435,1623.358643,5521.90625,6896.524414,25013.15039
09-10-2024,805.6845703,1234.623535,781.7037354,359.7452393,1169.150879,4026.782227,1875.268677,248.9501801,1719.601318,1597.803101,1900.639648,1324.569336,1662.738037,5962.600098,6980.786133,24981.94922
10-10-2024,820.114502,1233.978516,781.4096069,374.7879028,1183.23877,4002.589844,1842.85791,246.0676727,1718.60376,1560.140747,1858.213989,1308.322388,1601.789185,5915.21582,6927.151855,24998.44922
11-10-2024,814.4905396,1213.635498,784.0074463,376.0464478,1171.448853,3928.549316,1858.319092,247.6143799,1748.060303,1586.485229,1872.191895,1311.522095,1578.883789,6114.408691,6955.388184,24964.25
14-10-2024,832.7931519,1222.318481,789.3012085,381.7199097,1163.355713,3916.665771,1881.174683,257.5742493,1763.501343,1630.263916,1879.869751,1323.585571,1581.555176,6186.679688,7064.149902,25127.94922
15-10-2024,830.8198242,1245.886597,788.8110352,378.6034851,1152.864746,3897.87207,1881.558838,249.7938232,1776.994263,1613.744629,1868.746582,1313.996338,1555.137451,6079.02002,7111.509277,25057.34961
16-10-2024,838.5651855,1233.631226,789.5952759,374.8378296,1152.21521,3877.183838,1843.914307,249.4188843,1772.385864,1599.247925,1868.795776,1333.721436,1545.688354,6095.893066,7042.935547,24971.30078
17-10-2024,825.4178467,1221.822388,795.085022,372.3806763,1130.883545,3890.486816,1890.009644,247.8253021,1774.808838,1636.524902,1859.985962,1332.359985,1542.225342,6049.852539,6961.264648,24749.84961
18-10-2024,829.7098389,1254.817749,804.2510376,373.7790527,1195.828003,3913.313232,1805.021118,257.1524353,1765.21167,1625.83313,1880.460449,1339.723267,1535.299316,5994.952637,6954.890137,24854.05078
21-10-2024,852.8223877,1249.409546,797.9279785,357.427887,1189.283691,3872.310791,1779.23645,256.8946228,1751.813599,1638.643921,1867.319336,1331.03833,1507.644775,5898.143555,6958.375977,24781.09961
22-10-2024,845.8417969,1257.7948,774.8415527,352.2239075,1174.745972,3811.234375,1778.131958,255.6526031,1743.349121,1634.164917,1858.017212,1324.082397,1494.386353,5791.578613,6864.305176,24472.09961
23-10-2024,856.3251343,1242.016479,770.5281372,353.152832,1159.40918,3859.402588,1799.067261,256.4728394,1765.34729,1672.116089,1810.571289,1313.251099,1469.897949,5701.638184,6879.04541,24435.5
24-10-2024,863.1577148,1243.157715,778.90979,352.0341187,1166.353149,3841.986328,1789.415894,256.3322144,1764.534424,1671.923462,1819.971802,1308.24292,1476.527222,5710.646973,6926.255371,24399.40039
25-10-2024,860.0744019,1245.837036,765.5775757,353.3625793,1188.334351,3851.145508,1788.167603,254.71521,1771.65979,1653.33313,1831.29187,1294.728638,1473.163208,5754.547363,6916.992676,24180.80078
28-10-2024,855.5357056,1282.950684,776.4590454,349.5669556,1170.599609,3882.751709,1791.33667,261.8160095,1790.214722,1639.944336,1873.126953,1303.234741,1487.262573,5788.044434,6898.51709,24339.15039
29-10-2024,864.243042,1321.651978,816.3088989,351.6345825,1185.836548,3867.94458,1786.431763,263.5033264,1790.214722,1636.043213,1842.31665,1266.666626,1461.933105,5777.044922,6959.422363,24466.84961
30-10-2024,855.7330322,1302.102905,806.2606201,346.5205078,1169.400635,3876.866699,1750.301025,264.9328613,1758.700195,1622.991333,1823.121704,1241.973145,1403.259888,5859.91748,6954.491699,24340.84961
31-10-2024,856.2757568,1282.355225,804.0549316,345.8212891,1158.559937,3766.577637,1706.740234,258.6288452,1689.119263,1563.415283,1819.971802,1266.169678,1535.348877,5862.953613,6994.530762,24205.34961
01-11-2024,857.0650635,1281.908691,805.0352783,348.478241,1168.551392,3781.526611,1710.236572,258.4179077,1680.845825,1558.555786,1829.323242,1251.661743,1543.066406,5876.790527,7003.743652,24304.34961
04-11-2024,845.619751,1267.42041,813.5149536,345.4716797,1138.277222,3762.496338,1712.956177,253.4731293,1686.154053,1592.328735,1780.597778,1260.307007,1567.851563,5874.999023,6930.488281,23995.34961
05-11-2024,867.2030029,1286.771118,832.4840698,351.0252686,1170.699463,3769.330322,1703.77771,254.8323822,1696.292603,1586.740356,1775.380615,1264.182373,1584.276123,5784.90918,6938.356445,24213.30078
06-11-2024,865.9203491,1292.37793,837.9738159,352.1140137,1165.503906,3929.069092,1771.280151,264.3001404,1758.317505,1645.927856,1798.857422,1293.893921,1577.201782,5927.161133,6940.149414,24484.05078
07-11-2024,861.628418,1268.908936,842.6793213,348.9776611,1158.909546,3939.746582,1751.223755,264.0657654,1752.148438,1604.574341,1762.928467,1279.236816,1559.490967,5932.935059,7395.067871,24199.34961
08-11-2024,865.5256348,1249.210938,826.5532227,348.7579041,1159.958618,3936.044922,1777.350464,266.6904907,1757.456665,1634.070923,1781.286743,1275.560181,1575.76709,5922.880859,7391.630859,24148.19922
11-11-2024,871.3717041,1259.581055,830.9645996,348.3983154,1170.000122,3985.115234,1806.633789,268.7996216,1785.958618,1656.229736,1766.521362,1279.783447,1536.387817,5873.207031,7126.748535,24141.30078
12-11-2024,847.6424561,1260.870972,810.427002,343.8835144,1157.161133,3983.880859,1815.08374,267.4638672,1791.266602,1639.562012,1772.673706,1255.934692,1509.030029,5784.361816,6991.393066,23883.44922
13-11-2024,829.4631348,1244.100342,792.7322998,337.1812439,1138.177368,3939.224609,1814.695313,266.6904907,1783.519653,1628.482544,1751.165527,1237.153809,1489.686646,5743.945801,6831.337891,23559.05078
14-11-2024,835.0871582,1247.325439,788.4188843,341.186615,1139.725952,3935.000732,1810.955933,265.6124878,1777.972168,1640.047974,1740.534546,1218.969116,1483.898438,5724.036133,6833.130371,23532.69922
18-11-2024,841.1797485,1243.852295,798.2710571,344.1531982,1125.238281,3815.030762,1759.382202,259.1209717,1755.065552,1614.098755,1720.404419,1186.028076,1449.763062,5740.51123,6714.856934,23453.80078
19-11-2024,859.5070801,1239.535645,787.1934814,345.1520386,1132.981689,3834.061035,1772.299927,263.4095764,1741.245117,1651.856445,1749.442871,1205.802612,1455.996582,5874.103027,6660.077148,23518.5
21-11-2024,858.9890137,1240.974609,765.3814697,347.019928,1138.177368,3865.666748,1781.332642,261.1364136,1756.356689,1654.383179,1752.149902,1187.81665,1450.010498,5950.007324,6715.45459,23349.90039
22-11-2024,861.159668,1268.264038,799.9866333,351.8843079,1141.424561,4028.679932,1847.572266,267.9325562,1815.703735,1698.312134,1767.210449,1206.796265,1470.788452,5971.161133,6907.281738,23907.25
25-11-2024,880.8929443,1290.988647,827.8275757,357.7375488,1154.912964,4095.594238,1835.383057,272.9945374,1809.295776,1683.879761,1770.75415,1201.678833,1487.411011,6110.625977,7046.620605,24221.90039
26-11-2024,880.8683472,1294.958008,822.8770142,356.3092041,1143.82251,4131.281738,1868.842773,276.0644836,1816.803711,1696.319946,1734.037842,1201.032837,1476.922974,6044.974609,7048.164551,24194.5
27-11-2024,894.0649414,1290.740479,817.6812744,356.2293091,1148.668335,4112.15625,1869.182739,273.2054443,1808.674072,1707.399292,1722.077881,1192.338013,1475.389404,5972.007324,6954.691406,24274.90039
28-11-2024,884.6176147,1276.500366,822.3377686,351.4348145,1131.532959,4028.964844,1803.282959,268.1903076,1760.708618,1665.171143,1707.115601,1184.43811,1476.972412,5924.821777,6813.65918,23914.15039
29-11-2024,886.0483398,1290.145142,822.4358521,352.6434021,1135.329712,4053.594482,1804.448486,270.838501,1767.547363,1664.150635,1753.035889,1194.7229,1517.6875,6144.720703,6801.507813,24131.09961
02-12-2024,890.3156128,1294.660278,819.9360352,350.3860168,1136.129028,4059.099121,1825.7677,273.9787598,1789.975708,1696.85437,1780.253174,1214.050293,1491.764404,6226.996094,7037.45752,24276.05078
03-12-2024,900.9715576,1298.381592,837.140564,349.5769653,1159.509033,4083.872314,1837.713989,273.3928833,1808.387085,1700.304565,1771.886353,1216.782959,1517.6875,6182.398926,7097.963379,24457.15039
04-12-2024,917.6461792,1305.973022,842.7774048,351.0952148,1158.459961,4132.894043,1834.945923,275.5957947,1814.98645,1710.120483,1772.033813,1207.889404,1484.986816,6228.140625,7203.339844,24467.44922
05-12-2024,920.4335327,1326.266479,848.4142456,354.6211243,1165.404053,4236.966309,1879.235229,280.5640259,1840.188721,1736.701416,1785.076416,1232.036255,1482.414307,6068.567383,7245.569824,24708.40039
06-12-2024,915.5494995,1318.575806,846.6496582,354.9807434,1183.538574,4219.36084,1867.143188,278.736084,1838.945313,1732.668213,1776.610962,1245.79895,1461.784668,6102.960938,7204.285645,24677.80078
09-12-2024,922.5302124,1312.175171,841.1598511,356.8385925,1162.256714,4225.671875,1868.357178,284.7354431,1826.702881,1727.857422,1778.382935,1247.239868,1453.473511,5932.63623,7164.994141,24619
10-12-2024,921.5928345,1320.262695,850.4238281,358.5266418,1152.664917,4207.069336,1892.541504,288.8131409,1852.00061,1713.959595,1781.631226,1232.533081,1439.819336,5905.708984,7229.185059,24610.05078
11-12-2024,919.1261597,1317.335327,844.6399536,358.5266418,1146.270386,4202.228516,1917.40564,289.6567993,1846.787964,1713.230591,1785.618042,1230.744507,1438.730957,5901.080078,7311.354004,24641.80078
12-12-2024,917.2268677,1319.071899,836.8955078,353.3326111,1144.671753,4228.330566,1929.88623,289.7505493,1851.8573,1739.276855,1777.20166,1237.55127,1430.122925,5924.722656,7198.11084,24548.69922
13-12-2024,923.3934937,1334.602173,844.5909424,360.7141113,1147.169678,4246.315918,1942.221191,290.5473328,1883.036987,1745.885742,1785.076416,1238.495239,1432.00293,5850.0625,7230.330566,24768.30078
16-12-2024,920.1621704,1335.792847,844.0028076,360.4743958,1149.917236,4190.602051,1923.136108,289.8442993,1869.264526,1725.62207,1781.483643,1261.946533,1433.140625,5829.904297,7230.082031,24668.25
17-12-2024,904.4002686,1323.537476,833.8074951,356.3990784,1135.279785,4108.312012,1919.785278,289.5162048,1865.629883,1720.957031,1761.05835,1239.787109,1435.515259,5820.89502,7189.794434,24336
18-12-2024,893.2756348,1304.087646,821.6516113,355.5900269,1121.291748,4126.678223,1922.261963,293.0314636,1874.955078,1728.877808,1772.870605,1267.362183,1456.837524,5823.234375,7208.369141,24198.84961
19-12-2024,884.7902832,1277.046265,816.4068604,352.0141602,1107.953125,4054.591309,1890.259033,293.1720581,1849.99231,1705.018188,1794.772583,1317.24585,1490.626587,5794.366211,7268.277832,23951.69922
20-12-2024,873.9370117,1278.53479,796.0163574,348.3084106,1070.934692,3958.159668,1866.900269,286.0946655,1828.0896,1638.638794,1780.548462,1335.182129,1456.491333,5820.248047,7222.612305,23587.5
23-12-2024,888.4902954,1286.870483,804.9862671,348.6679993,1078.228516,3946.769775,1868.988525,288.6256714,1820.103516,1664.247803,1786.208496,1332.896606,1460.448975,5822.936035,7235.958496,23753.44922
24-12-2024,887.0596313,1287.317017,796.0653687,349.407135,1077.97876,3966.891846,1854.17688,286.1884155,1814.316895,1656.95874,1790.539673,1342.386353,1460.1521,5756.140137,7210.958984,23727.65039
26-12-2024,883.4336548,1287.416138,796.4575195,350.1562805,1075.780518,3957.020752,1852.574341,285.9540405,1817.951538,1650.932983,1812.539917,1346.609619,1474.795776,5860.066895,7232.023926,23750.19922
27-12-2024,887.133667,1297.538208,783.9094849,351.5746765,1076.529907,3952.987061,1861.655518,289.7505493,1809.58252,1663.518921,1832.128662,1380.693359,1490.676025,5854.392578,7217.233398,23813.40039
30-12-2024,877.0943604,1284.736938,772.7828369,347.7390747,1069.036377,3947.244629,1851.214478,284.6885986,1844.922974,1691.897705,1854.424316,1368.222534,1505.319702,6017.599609,7284.910645,23644.90039
31-12-2024,874.6029663,1271.836426,779.3019409,356.7986145,1063.790771,3886.500732,1825.961792,282.9544067,1833.876221,1658.222168,1856.835938,1379.74939,1512.839355,6071.155273,7267.083008,23644.80078
